Country,City
Kiribati,Abaiang Atoll
Kiribati,Kiritimati
Niue,Alofi
Samoa,Faleolo
Samoa,Apia
American Samoa,Fiti'uta
Samoa,Savaii Island
American Samoa,Pago Pago
United States,Point Barrow
United States,St. Paul Island
Kiribati,Canton Island
Midway Islands,Midway
United States,Waikoloa Village
Australia,Fraser Island
Cook Islands,Aitutaki
Cook Islands,Atiu Island
Cook Islands,Mangaia Island
Cook Islands,Manihiki Island
Cook Islands,Mauke Island
Cook Islands,Mitiaro Island
Cook Islands,Penrhyn Island
Cook Islands,Avarua
French Polynesia,Papeete
French Polynesia,Rimatara
French Polynesia,Rurutu
French Polynesia,Tubuai
French Polynesia,Raivavae
French Polynesia,Anaa
French Polynesia,Tikehau
French Polynesia,Apataki
French Polynesia,Reao
French Polynesia,Fakarava
French Polynesia,Manihi
French Polynesia,Kaukura Atoll
French Polynesia,Makemo
French Polynesia,Puka Puka
French Polynesia,Takapoto
French Polynesia,Arutua
French Polynesia,Mataiva
French Polynesia,Tureia
French Polynesia,Ahe
French Polynesia,Niau
French Polynesia,Takaroa
French Polynesia,Nuku Hiva
French Polynesia,Bora Bora
French Polynesia,Rangiroa
French Polynesia,Huahine Island
French Polynesia,Moorea
French Polynesia,Hao Island
French Polynesia,Maupiti
French Polynesia,Raiatea Island
United States,Adak Island
United States,Nightmute
United States,Toksook Bay
United States,Shemya
United States,Barking Sands
United States,Dillingham
United States,Wahiawa
United States,Hana
United States,Lahania-kapalua
United States,Kona
United States,Lihue
United States,Molokai
United States,Kamuela
United States,Kaneohe Bay
United States,Honolulu
United States,Lanai
United States,Kahului
United States,Bradshaw Field
United States,Hilo
United States,Opolu
Johnston Atoll,Johnston Island
French Polynesia,Hiva-oa
French Polynesia,Ua Pou
French Polynesia,Ua Huka
United States,Aleknagik
United States,Akutan
French Polynesia,Totegegie
United States,Atka
United States,Cold Bay
United States,Palmer
United States,Barter Island
United States,Bethel
United States,Delta Junction
United States,Buckland
United States,Big Mountain
United States,Barrow
United States,Bettles
United States,Central
United States,Chuathbaluk
United States,Chalkyitsik
United States,Chefornak
United States,Clear Mews
United States,Scammon Bay
United States,Circle
United States,Cordova
United States,Yakataga
United States,Cape Romanzof
United States,Deering
United States,Marshall
United States,Kodiak
United States,Unalaska
United States,Kongiganak
United States,Anchorage
United States,Eek
United States,Eagle
United States,Cape Newenham
United States,Fairbanks
United States,Elfin Cove
United States,Emmonak
United States,Kenai
United States,Fort Wainwright
United States,Kake
United States,Ambler
United States,Fort Richardson
United States,Nikolai
United States,Galena
United States,Kwigillingok
United States,Shungnak
United States,Gulkana
United States,Golovin
United States,Gambell
United States,Angoon
United States,Gustavus
United States,Skagway
United States,Holy Cross
United States,Huslia
United States,Haines
United States,Homer
United States,Hooper Bay
United States,Hughes
United States,Healy
United States,Shageluk
United States,Hydaburg
United States,Igiugig
United States,Egegik
United States,Kiana
United States,Iliamna
United States,Indian Mountains
United States,Wales
United States,Juneau
United States,Koliganek
United States,False Pass
United States,Akhiok
United States,Kipnuk
United States,Koyuk
United States,King Salmon
United States,Nikolski
United States,Anaktuvuk Pass
United States,Ketchikan
United States,Kuparuk
United States,Kaltag
United States,Klawock
United States,Karluk
United States,Larsen Bay
United States,Kalskag
United States,Cape Lisburne
United States,Manokotak
United States,Mcgrath
United States,Lake Minchumina
United States,St. Michael
United States,Manley Hot Springs
United States,Metakatla
United States,Mountain Village
United States,Mekoryuk
United States,Aniak
United States,Nondalton
United States,Funter Bay
United States,Annette Island
United States,Nulato
United States,Anvik
United States,New Stuyahok
United States,Kobuk
United States,Hoonah
United States,Nome
United States,Northway
United States,Kotzebue
United States,Nelson Lagoon
United States,Port Clarence
United States,Perryville
United States,Petersburg
United States,Port Heiden
United States,Port Moller
United States,Pilot Point
United States,Prospect Creek
United States,Quinhagak
United States,Nuiqsut
United States,Arctic Village
United States,Russian Mission
United States,Ruby
United States,Savoonga
United States,Deadhorse
United States,Sand Point
United States,Shishmaref
United States,Sitka
United States,Selawik
United States,Sleetmute
United States,St Mary's
United States,Sparrevohn
United States,Tin City
United States,Teller
United States,Togiak Village
United States,Talkeetna
United States,Tatalina
United States,Atqasuk
United States,Alakanuk
United States,Unalakleet
United States,Chevak
United States,King Cove
United States,Valdez
United States,Venetie
United States,Kivalina
United States,Beaver
United States,Wrangell
United States,Wainwright
United States,White Mountain
United States,Noatak
United States,Yakutat
United States,Akiak
United States,Chenega
United States,Elim
United States,Kasigluk
United States,Kotlik
United States,Brevig Mission
United States,Koyukuk
United States,Kwethluk
United States,Noorvik
United States,Shaktoolik
United States,Tok
United States,South Naknek
United States,Fort Yukon
United States,Point Hope
United States,Point Lay
Canada,Nanaimo
Canada,Trail
Canada,Whistler
Canada,Anahim Lake
Canada,Vancouver
Canada,Bob Quinn Lake
Canada,Tofino
Canada,Bella Coola
Canada,Campbell River
Canada,Castlegar
Canada,Chilliwack
Canada,Dawson
Canada,Burwash
Canada,Princeton
Canada,Dease Lake
Canada,Texada
Canada,Fort St. James
Canada,Bella Bella
Canada,Kamloops
Canada,Kelowna
Canada,Mayo
Canada,Old Crow
Canada,Port Simpson
Canada,Prince Pupert
Canada,Powell River
Canada,Watson Lake
Canada,Comox
Canada,Quesnel
Canada,Revelstoke
Canada,Victoria
Canada,Williams Lake
Canada,Fort Saint John
Canada,Prince George
Canada,Terrace
Canada,Abbotsford
Canada,Whitehorse
Canada,Smithers
Canada,Fort Nelson
Canada,Penticton
Canada,Sandspit
Canada,Port Hardy
Canada,Teslin
Canada,Mackenzie British Columbia
Canada,Boundary Bay
Canada,Faro
Canada,108 Mile Ranch
Canada,Masset
Canada,Prince Rupert
United States,Arcata CA
United States,Walla Walla
United States,Astoria
United States,Catalina Island
United States,Marysville
United States,Seattle
United States,Bakersfield
United States,Blythe
United States,Bellingham
United States,Burbank
United States,Boulder City
United States,Fort Irwin
United States,Concord
United States,Crescent City
United States,Chico
United States,Port Angeles
United States,Carlsbad
United States,Calexico
United States,Wenatchee
United States,Edwards Afb
United States,Elko
United States,Ely
United States,Eugene
United States,Murrieta-Temecula
United States,Fresno
United States,Friday Harbor
United States,Spokane
United States,Fort Lewis
United States,Hawthorne
United States,Hillsboro
United States,Henderson
United States,Indian Springs
United States,Imperial
United States,Inyokern
United States,Kelso
United States,Las Vegas
United States,Los Angeles
United States,Long Beach
United States,Klamath Falls
United States,Lompoc
United States,Livermore
United States,Lewiston
United States,Madera
United States,Sacramento
United States,Merced
United States,Medford
United States,Mojave
United States,Mammoth Lakes
United States,Mackminnville
United States,Modesto
United States,Mariposa
United States,Monterey
United States,Grant County Airport
United States,Yuba City
United States,Fallon
United States,China
United States,El Centro
United States,Miramar
United States,Lemoore
United States,Point Mugu
United States,Mountain View
United States,Whidbey Island
United States,Twenty Nine Palms
United States,Santa Ana
United States,San Diego
United States,Oakland
United States,Fort Ord
United States,Ontario
United States,Eastsound
United States,North Bend
United States,Oxnard
United States,Everett
United States,Portland
United States,Palmdale
United States,Palm Springs
United States,Pullman
United States,Bremerton
United States,Riverside
United States,Redding
United States,Redmond-Bend
United States,Redlands
United States,Rancho Murieta
United States,Ramona
United States,Reno
United States,Santa Barbara
United States,San Bernardino
United States,San Luis Obispo
United States,Stockton
United States,El Cajon
United States,San Francisco
United States,San Jose
United States,Santa Maria
United States,San Luis
United States,Silver Springs
United States,San Carlos
United States,Santa Rosa
United States,Fairfield
United States,Tacoma
United States,Tonopah
United States,Torrance
United States,Troutdale
United States,South Lake Tahoe
United States,Victorville
United States,Visalia
United States,Van Nuys
United States,Yakima
Mexico,Ensenada
Mexico,Mexicali
Mexico,Tijuana
United States,McKinley Park
United States,Allakaket
United States,Pasco
United States,Lopez
Canada,Colville Lake
Canada,Whatì
Canada,Bonnyville
Canada,Tadoule Lake
Canada,Brochet
Canada,Calgary
Canada,Cambridge Bay
Canada,Coppermine
Canada,Cross Lake
Canada,Coronation
Canada,Coral Harbour
Canada,Dawson Creek
Canada,Edmonton
Canada,Edson
Canada,Inuvik
Canada,Fort Resolution
Canada,Fort Simpson
Canada,Golden
Canada,Fort Good Hope
Canada,Holman Island
Canada,Hay River
Canada,Aklavik
Canada,Lutselk'e
Canada,Fort Mcmurray
Canada,Ekati
Canada,Cold Lake
Canada,High Level
Canada,Rainbow Lake
Canada,Paulatuk
Canada,Peace River
Canada,Fort Chipewyan
Canada,Red Deer Industrial
Canada,Lethbridge
Canada,Grande Prairie
Canada,Gamètì
Canada,Rocky Mountain House
Canada,Red Sucker Lake
Canada,Suffield
Canada,Fort Smith
Canada,Sachs Harbour
Canada,Tuktoyaktuk
Canada,Vermillion
Canada,Norman Wells
Canada,Deline
Canada,Wrigley
Canada,Cranbrook
Canada,Medicine Hat
Canada,Yellowknife
Canada,Slave Lake
Canada,Whitecourt
Canada,Fort Mcpherson
Canada,Tulita
Canada,Little Grand Rapids
Canada,South Indian Lake
United States,Bullhead
United States,Kingman
United States,Point Roberts
United States,Dell
United States,Big Timber
United States,Albuquerque
United States,Alliance
United States,Alamogordo
United States,Alamosa
United States,Denver
United States,Napa
United States,Aspen
United States,Tucson
United States,Bryce Canyon
United States,Scottsbluff
United States,El Paso
United States,Billings
United States,Broomfield-CO
United States,Buckley
United States,Brigham City
United States,Boise
United States,Butte
United States,Buckeye
United States,Borrego Springs
United States,Bozeman
United States,Cedar City
United States,Chadron
United States,Cortez
United States,Casa Grande
United States,Moab
United States,Cody
United States,Colorado Springs
United States,Casper
United States,Cutbank
United States,Clovis
United States,Cheyenne
United States,Douglas
United States,Durango
United States,Phoenix 
United States,Davis-Woodland-Winters
United States,Gila Bend
United States,Vail
United States,Wendover
United States,Kalispell
United States,Fort Carson
United States,Fort Huachuca
United States,Flagstaff
United States,Farmington
United States,Fort Collins
United States,Fullerton
United States,Rawlins
United States,Gillette
United States,Grand Canyon
United States,Glendive
United States,Glasgow
United States,Grand Junction
United States,Grants
United States,Great Falls
United States,Gunnison
United States,Gallup
United States,Hayden
United States,Ogden
United States,Lake Havasu City
United States,Helena
United States,Hobbs
United States,Havre
United States,Idaho Falls
United States,Kirtland A.f.b.
United States,Winslow
United States,Williston
United States,Mesa
United States,Jacksn Hole
United States,Lamar
United States,Laramie
United States,Logan
United States,La Junta
United States,Las Cruces
United States,Phoenix
United States,Livingston-Montana
United States,Lewistown
United States,Malad City
United States,Miles City
United States,Missoula
United States,Montrose CO
United States,Mountain Home
United States,McCall
United States,Wolf Point
United States,Olympia
United States,Nogales
United States,Pendleton
United States,Page
United States,Pocatello
United States,La Verne
United States,Prescott
United States,Pueblo
United States,Rapid City
United States,Riverton WY
United States,Rock Springs
United States,Renton
United States,Roswell
United States,Santa Fe
United States,Scottsdale
United States,Sidney
United States,Sedona
United States,Saint George
United States,Sheridan
United States,Salt Lake City
United States,Salem
United States,Salmon
United States,Santa Monica
United States,Show Low
United States,Spearfish-South Dakota
United States,Ruidoso
United States,Sterling
United States,Hailey
United States,Null
United States,Tucumcari
United States,Truth Or Consequences
United States,Telluride
United States,Truckee
United States,Twin Falls
United States,Vernal
United States,Worland
United States,White Sands
United States,West Yellowstone
United States,Yuma
United States,Zuni Pueblo
Mexico,Culiacan
Mexico,Ciudad Obregon
Mexico,Ciudad Constitución
Mexico,Guaymas
Mexico,Guerrero Negro
Mexico,Hermosillo
Mexico,Los Mochis
Mexico,La Paz
Mexico,Loreto
Mexico,Mazatlan
Mexico,Nogales
Mexico,Punta Penasco
Mexico,San Jose Del Cabo
Costa Rica,Guapiles
United States,Silver City
United States,Brookings
Canada,North Spirit Lake
Canada,Bearskin Lake
Canada,Poplar Hill
Canada,Cat Lake
Canada,Fort Frances
Canada,Winnipeg
Canada,Pelly Bay
Canada,Uranium City
Canada,Baker Lake
Canada,Brandon
Canada,Berens River
Canada,Chesterfield Inlet
Canada,Dauphin
Canada,Eskimo Point
Canada,Estevan
Canada,Eureka
Canada,Flin Flon
Canada,Gimli
Canada,Gods Lake Narrows
Canada,Gillam
Canada,Hudson Bay
Canada,Dryden
Canada,Gjoa Haven
Canada,Atikokan
Canada,Island Lake
Canada,Kangiqsujuaq
Canada,Kindersley
Canada,Meadow Lake
Canada,Lloydminster
Canada,Moose Jaw
Canada,Norway House
Canada,Points North Landing
Canada,Oxford House
Canada,Prince Albert
Canada,Portage-la-prairie
Canada,Pickle Lake
Canada,Pikangikum
Canada,The Pas
Canada,Kenora
Canada,Regina
Canada,Yorkton
Canada,North Battleford
Canada,Resolute
Canada,Red Lake
Canada,Rankin Inlet
Canada,Stony Rapids
Canada,St. Theresa Point
Canada,Alma
Canada,Thompson
Canada,Repulse Bay
Canada,La Ronge
Canada,Buffalo Narrows
Canada,Deer Lake
Canada,Saskatoon
Canada,Rimouski
Canada,Sioux Lookout
Canada,Whale Cove
Canada,Spence Bay
Canada,Lynn Lake
Canada,Swift Current
Canada,Churchill
Canada,York Landing
Canada,Ilford
Canada,Fond-Du-Lac
Canada,Gods River
Canada,Swan River
Canada,Muskrat Dam
Canada,Sachigo Lake
Canada,Round Lake
Canada,Sandy Lake
Canada,Shamattawa
Canada,Lac Brochet
Canada,Wollaston Lake
United States,Kearney
United States,Greenville
United States,East Troy
United States,Apalachicola
United States,Abilene
United States,Aberdeen
United States,Waco
United States,Ardmore
United States,Alexandria
United States,Fort Worth
United States,Alice
United States,Waterloo
United States,Amarillo
United States,Anniston
United States,Louisiana
United States,Minocqua - Woodruff
United States,Austin TX
United States,Appleton
United States,Watertown
United States,Austin
United States,Shreveport
United States,Branson
United States,Baudette
United States,Mobile
United States,Birmingham
United States,Bismarck
United States,Biloxi
United States,Bemidji
United States,Breckenridge
United States,Belleville
United States,Bloomington
United States,Nashville
United States,Bartow
United States,Beaumont
United States,Brainerd
United States,Burlington
United States,Brownsville
United States,Baton Rouge
United States,Blytheville
United States,Colombus
United States,Childress
United States,Crestview
United States,Bryan
United States,Cape Girardeau
United States,Chicago
United States,Cedar Rapids
United States,Grand Marais
United States,College Station
United States,Champaign
United States,Cotulla
United States,Columbia
United States,Corpus Christi
United States,Wassau
United States,Clinton
United States,Conroe
United States,Dallas
United States,Dubuque IA
United States,Dodge City
United States,Decatur
United States,Dallas-Fort Worth
United States,Dothan
United States,Dalhart
United States,Del Rio
United States,Duluth
United States,Baraboo
United States,West Chicago
United States,Deridder
United States,Des Moines
United States,Delta
United States,Duncan
United States,Devils Lake
United States,Houston
United States,Eau Claire
United States,Panama City
United States,Alabaster
United States,Eagle River
United States,El Dorado
United States,Enid
United States,Keokuk
United States,Kerrville
United States,Evansville
United States,Fargo
United States,Fond du Lac
United States,Fort Leavenworth
United States,Fort Dodge
United States,Topeka
United States,Fort Riley
United States,Sioux Falls
United States,Fort Sill
United States,Fort Smith
United States,Fort Stockton
United States,Fort Knox
United States,Fayetteville
United States,Garden City
United States,Grand Forks
United States,Longview
United States,Goodland
United States,Galveston
United States,Gulfport
United States,Grand Rapids MN
United States,Green Bay
United States,Grand Island
United States,Killeen
United States,Columbus Mississippi
United States,Greenvile
United States,Greenwood
United States,Gary
United States,Hobart
United States,Hibbing
United States,Fort Hood
United States,Huron
United States,Hopkinsville
United States,Hot Springs
United States,Harlingen
United States,Harrison
United States,Mary Esther
United States,Huntsville
United States,Redstone
United States,Hutchinson
United States,Wichita
United States,Lansing
United States,Kankakee
United States,Ankeny
United States,Wink
United States,International Falls
United States,Kirksville
United States,Wisconsin Rapids
United States,Olathe
United States,Jackson
United States,Jonesboro
United States,Jefferson City
United States,Gulf Shores
United States,Joplin
United States,Jamestown
United States,Joliet
United States,Janesville
United States,Los Alamos
United States,Lawton
United States,Lubbock
United States,North Platte
United States,Liberal
United States,Lake Charles
United States,Lufkin
United States,Lafayette
United States,Little Rock
United States,Lincoln
United States,Lone Rock
United States,Lockport
United States,Laredo
United States,Jacksonville
United States,La Crosse
United States,Altus
United States,Midland
United States,Kansas City
United States,McCook
United States,Meridian
United States,Memphis
United States,Mcallen
United States,Marshfield
United States,MONTGOMERY
United States,Manhattan
United States,Minot
United States,Milwaukee
United States,Muskogee
United States,Mcalester
United States,Moline
United States,Monroe
United States,Muscle Shoals
United States,Madison
United States,Minneapolis
United States,New Orleans
United States,Mineral Wells
United States,Glenview
United States,Pensacola
United States,Millington
United States,Kingsville
United States,Milton
United States,Omaha
United States,Oklahoma City
United States,Olive Branch
United States,Owensboro
United States,Ozona
United States,PADUCAH
United States,Pine Bluff
United States,Waupaca
United States,Peoria
United States,Hattiesburg/Laurel
United States,Pierre
United States,Pembina
United States,Ponca City
United States,Princeton
United States,Fort Polk
United States,Poplar Bluff
United States,Palacios
United States,Price
United States,Provo
United States,Chicago-Wheeling
United States,Racine
United States,Robinson
United States,Red River
United States,Rockford
United States,Rhinelander
United States,Richfield
United States,Rifle
United States,Rockport
United States,San Antonio
United States,Rochester
United States,SARATOGA
United States,Steamboat Springs
United States,Selma
United States,Springfield
United States,Sugar Land
United States,San Angelo
United States,Salina
United States,Wichita Falls
United States,Spencer
United States,Saint Cloud
United States,Stevens Point
United States,Rosecrans
United States,St. Louis
United States,Sioux City
United States,Knobnoster
United States,Fort Leonardwood
United States,Tuscaloosa AL
United States,Temple
United States,Tulsa
United States,Tupelo
United States,Thief River Falls
United States,Texarkana
United States,Tyler
United States,Quincy
United States,Tunica
United States,Uvalde
United States,Victoria
United States,Camp Douglas
United States,Valparaiso
United States,Peru
United States,Bentonville
Dominican Republic,Santo Domingo
Guatemala,Coban
Guatemala,Guatemala City
Guatemala,Puerto Barrios
Guatemala,Quezaltenango
Guatemala,Flores
Honduras,Ahuas
Honduras,Brus Laguna
Honduras,La Ceiba
Honduras,San Pedro Sula
Honduras,Guanaja
Honduras,Puerto Lempira
Honduras,Roatan
Honduras,Tela
Honduras,Tegucigalpa
Honduras,Utila
Mexico,Salina Cruz
Mexico,Acapulco
Mexico,Monterrey
Mexico,Aguascalientes
Mexico,Huatulco
Mexico,Cuernavaca
Mexico,Ciudad Del Carmen
Mexico,Chetumal
Mexico,Campeche
Mexico,Ciudad Juarez
Mexico,Chihuahua
Mexico,Ciudad Victoria
Mexico,Celaya
Mexico,Cozumel
Mexico,Durango
Mexico,Tepic
Mexico,Guadalajara
Mexico,Tehuacan
Mexico,Colima
Mexico,Isla Mujeres
Mexico,Saltillo
Mexico,Jalapa
Mexico,Lazard Cardenas
Mexico,Del Bajio
Mexico,Matamoros
Mexico,Merida
Mexico,Morelia
Mexico,Minatitlan
Mexico,Monclova
Mexico,Mexico City
Mexico,Nuevo Laredo
Mexico,Oaxaca
Mexico,Poza Rico
Mexico,Puebla
Mexico,Pachuca
Mexico,Piedras Negras
Mexico,Uruapan
Mexico,Puerto Vallarta
Mexico,Puerto Escondido
Mexico,Queretaro
Mexico,Reynosa
Mexico,San Luis Potosi
Mexico,Tlaxcala
Mexico,Torreon
Mexico,Tuxtla Gutierrez
Mexico,Tampico
Mexico,Tamuin
Mexico,Toluca
Mexico,Tapachula
Mexico,Cancun
Mexico,Villahermosa
Mexico,Vera Cruz
Mexico,Zacatecas
Mexico,Zihuatanejo
Mexico,Zamora
Mexico,Manzanillo
Nicaragua,Bluefields
Nicaragua,Bonanza
Nicaragua,Corn Island
Nicaragua,Managua
Nicaragua,Puerto Cabezas
Nicaragua,Rosita
Nicaragua,Siuna
Nicaragua,Waspam
Costa Rica,La Fortuna/San Carlos
Costa Rica,Roxana
Costa Rica,Pococi
Costa Rica,Carrillo
Costa Rica,Nicoya
Costa Rica,Puntarenas
Costa Rica,Golfito
Costa Rica,Nandayure
Costa Rica,Liberia
Costa Rica,Limon
Costa Rica,Nosara Beach
Costa Rica,San Jose
Costa Rica,Puerto Jimenez
Costa Rica,Palmar Sur
Costa Rica,Quepos
Costa Rica,Playa Samara
El Salvador,San Salvador
Belize,San Pedro
Belize,Belize City
Chile,Easter Island
Ecuador,Galapagos
Ecuador,San Cristóbal
United States,Port O'Connor
United States,Ocean Reef Club Airport
United States,Bluefield
Canada,Summer Beaver
Canada,Arctic Bay
Canada,Angling Lake
Canada,Wunnumin Lake
Canada,Kingfisher Lake
Canada,Ogoki Post
Canada,Keewaywin
Canada,Chisasibi
Canada,Sault Sainte Marie
Canada,Kasabonika
Canada,Kangirsuk
Canada,Attawapiskat
Canada,Baie Comeau
Canada,Bagotville
Canada,Cornwall
Canada,Clyde River
Canada,Manitowaning
Canada,Fort Severn
Canada,Fort Albany
Canada,Iqaluit
Canada,Brantford
Canada,Fort Hope
Canada,Mont-Tremblant
Canada,Kingston
Canada,La Grande Riviere
Canada,Gaspe
Canada,Geraldton
Canada,Igloolik
Canada,Kuujjuarapik
Canada,Grise Fiord
Canada,Quaqtaq
Canada,Hearst
Canada,Nemiscau
Canada,Hamilton
Canada,Hornepayne
Canada,Montreal
Canada,Ivujivik
Canada,Pond Inlet
Canada,St. Jean
Canada,Waterloo
Canada,Akulivik
Canada,Waskaganish
Canada,Kirkland Lake
Canada,Toronto
Canada,Aupaluk
Canada,Kimmirut
Canada,Chapleau
Canada,Lansdowne House
Canada,Alert
Canada,Kangiqsualujjuaq
Canada,Manitouwadge
Canada,Moosonee
Canada,Chibougamau
Canada,Umiujaq
Canada,Maniwaki
Canada,Wemindji
Canada,Gatineau
Canada,Matagami
Canada,Oshawa
Canada,Ottawa
Canada,Inukjuak
Canada,Port Menier
Canada,Peawanuck
Canada,Peterborough
Canada,Puvirnituq
Canada,Muskoka
Canada,Quebec
Canada,Windsor
Canada,Yarmouth
Canada,Nakina
Canada,Thunder Bay
Canada,Riviere Du Loup
Canada,Roberval
Canada,Trois Rivieres
Canada,Sudbury
Canada,Sherbrooke
Canada,Sanikiluaq
Canada,Marathon
Canada,Nanisivik
Canada,Pembroke
Canada,Cape Dorset
Canada,Big Trout Lake
Canada,Tasiujaq
Canada,Trenton
Canada,Timmins
Canada,Hall Beach
Canada,Rouyn
Canada,Broughton Island
Canada,Val D'or
Canada,Quujjuaq
Canada,Wiarton
Canada,Petawawa
Canada,Webequie
Canada,Pangnirtung
Canada,Earlton
Canada,London
Canada,Wawa
Canada,North Bay
Canada,Kapuskasing
Canada,Armstrong
Canada,Mont Joli
Canada,Gore Bay
Canada,Salluit
Canada,Sarnia
Canada,Sept-iles
Canada,Eastmain River
Canada,Kashechewan
United States,East Tawas
United States,Allentown
United States,Albany
United States,Nantucket
United States,Atlantic City
United States,Addison
United States,Camp Springs
United States,Pittsburgh
United States,Bush Field
United States,Athens
United States,Aiken
United States,Kaiser Lake Ozark
United States,Akron
United States,Andersen
United States,Angola
United States,Lima
United States,Altoona
United States,Naples
United States,Alpena
United States,Atlanta
United States,Augusta
United States,Asheville
United States,Avon Park
United States,Scranton
United States,Kalamazoo
United States,Boca Raton
United States,Windsor Locks
United States,Stratford
United States,Bedford
United States,Bradford
United States,Bainbridge
United States,Binghamton
United States,Bangor
United States,Bar Harbor
United States,Block Island
United States,Holland
United States,Cleveland
United States,Beckley
United States,Boston
United States,Brunswick
United States,Buffalo
United States,Beverly
United States,Bowling Green
United States,Baltimore
United States,Colombia
United States,Cumberland
United States,Newnan
United States,Camden
United States,Caldwell
United States,Chicopee Falls
United States,Richmond Heights
United States,Chattanooga
United States,Charlottesville VA
United States,Charleston
United States,Sault Ste Marie
United States,Clarksburg
United States,Cordele
United States,Clarksville
United States,Charlotte
United States,Clearwater
United States,Columbus
United States,Hancock
United States,Coco Beach
United States,Cincinnati
United States,Charelvoix
United States,Harrisburg
United States,Daytona Beach
United States,Dayton
United States,Washington
United States,Detroit
United States,Dickinson
United States,Dunkirk
United States,Dover
United States,Drummond Island
United States,Destin
United States,Du Bois
United States,Danbury
United States,Elizabeth City
United States,Elkins
United States,Elmira
United States,Eastport
United States,Erie
United States,Newberry
United States,Escanaba
United States,Easton
United States,New Bedford
United States,New Bern
United States,Newark
United States,Key West
United States,Fort Eustis
United States,Findley
United States,Franklin
United States,Fort Lauderdale
United States,Florence
United States,Fort Meade
United States,Falmouth
United States,Fort Myers
United States,Flint
United States,West Hampton Beach
United States,Frenchville
United States,Fort Wayne
United States,Fitzgerald
United States,Gadsden
United States,Gaithersburg
United States,Great Bend
United States,Gladwin
United States,Georgetown
United States,Winter Haven
United States,Arlington
United States,Gainesville
United States,Groton CT
United States,Grand Rapids
United States,Goldsboro
United States,Greensboro
United States,Fort Drum
United States,Batavia
United States,Hondo
United States,Hartford
United States,Hagerstown
United States,Hilton Head
United States,Hickory
United States,White Plains
United States,Thomson
United States,Homestead
United States,Houghton Lake
United States,Huntington
United States,Terre Haute
United States,New Haven
United States,Hollywood
United States,Barnstable
United States,Hays
United States,Hazleton
United States,Niagara Falls
United States,New York
United States,Wilmington
United States,Iron Mountain
United States,Indianapolis
United States,Winston-salem
United States,Williamsport
United States,Kissimmee
United States,Islip
United States,Ithaca
United States,Jesup
United States,Johnstown
United States,Leesburg
United States,Lakeland
United States,Latrobe
United States,Lumberton
United States,Lake City
United States,Linden
United States,Lebanon
United States,Lexington KY
United States,Hampton
United States,LaGrange
United States,Lock Haven
United States,West Palm Beach
United States,Willoughby
United States,Lancaster
United States,Philadelphia
United States,Louisville
United States,London
United States,Lorain-Elyria
United States,Fort Benning
United States,South Haven
United States,Lewisburg
United States,Lynchburg
United States,Manistee
United States,Saginaw
United States,Tampa
United States,Macon
United States,Orlando
United States,Mason City
United States,Mansfield
United States,Michigan City
United States,Marietta
United States,Morgantown
United States,Manchester NH
United States,Miami
United States,Millville
United States,Muskegon
United States,Marco Island Airport
United States,Melbourne
United States,Millinocket
United States,Morristown
United States,Montpelier
United States,Coatesville
United States,Marquette
United States,Martinsburg
United States,Massena
United States,Mount Clemens
United States,Marathon
United States,Muir
United States,Morrisville
United States,Vineyard Haven MA
United States,Marion
United States,Myrtle Beach
United States,Beaufort
United States,Lakehurst
United States,Norfolk
United States,Patuxent River
United States,Cherry Point
United States,Oceana
United States,Willow Grove
United States,Quantico
United States,Jacksonville NC
United States,Okeechobee
United States,Ocala
United States,Coldwater
United States,Ogdensburg
United States,Ormond Beach
United States,Worcester
United States,Oscoda
United States,Oshkosh
United States,Norwood
United States,Plattsburgh
United States,Port Clinton
United States,Punta Gorda
United States,Newport News
United States,Port Huron
United States,St. Petersburg
United States,PARKERSBURG
United States,Pellston
United States,Pompano Beach
United States,Fort Bragg
United States,Portsmouth
United States,Provincetown
United States,Providence
United States,Rockingham
United States,Reading
United States,Raleigh-durham
United States,Richmond
United States,Rockland
United States,Rome
United States,Roanoke VA
United States,Rutland
United States,Rocky Mount
United States,Savannah
United States,South Bend
United States,Salisbury
United States,Scotia NY
United States,Sebring
United States,Sanford
United States,Smithfield
United States,St. Augustine Airport
United States,Weyers Cave
United States,Sandusky
United States,Saranac Lake
United States,Fort Wayne IN
United States,Somerset
United States,Pinehurst-Southern Pines
United States,Sarasota
United States,Sumter
United States,Statesville
United States,Hunter Aaf
United States,Newburgh
United States,Syracuse
United States,Taunton
United States,Teterboro
United States,Tallahassee
United States,Tifton
United States,Kendall-tamiami
United States,Toledo
United States,BRISTOL
United States,Trenton
United States,Traverse City
United States,Thomasville
United States,Knoxville
United States,State College Pennsylvania
United States,Rock Hill
United States,Valdosta
United States,Mount Holly
United States,Van Wert
United States,Vero Beach
United States,Wallops Island
United States,Wilkes-Barre
United States,Wrightstown
United States,Washington County
United States,Wildwood
United States,Flagler
United States,Youngstown
United States,Zephyrhills
Turks and Caicos Islands,Cockburn Town
Turks and Caicos Islands,Middle Caicos
Turks and Caicos Islands,North Caicos
Turks and Caicos Islands,Providenciales
Turks and Caicos Islands,South Caicos
Turks and Caicos Islands,Salt Cay
Jamaica,Ocho Rios
Jamaica,Kingston
Jamaica,Montego Bay
Jamaica,Port Antonio
Jamaica,Negril
Panama,Bocas Del Toro
Panama,Chitré
Panama,Changuinola
Panama,David
Panama,Colón
Panama,Howard
Panama,Jaqué
Panama,La Palma
Panama,Panama
Panama,Puerto Obaldia
Panama,Panama City
Costa Rica,Coto 47
Haiti,Cap Haitien
Haiti,Jeremie
Haiti,Port-au-prince
Haiti,Port-de-Paix
Cuba,Baracoa Playa
Cuba,Bayamo
Cuba,Ciego De Avila
Cuba,Cienfuegos
Cuba,Cayo Largo del Sur
Cuba,Camaguey
Cuba,Santiago De Cuba
Cuba,Guantanamo
Cuba,Havana
Cuba,Holguin
Cuba,La Coloma
Cuba,Moa
Cuba,Manzanillo
Cuba,Nueva Gerona
Cuba,Cayo Coco
Cuba,Santa Clara
Cuba,Trinidad
Cuba,Varadero
Cuba,Las Tunas
Cayman Islands,Cayman Barac
Cayman Islands,Little Cayman
Cayman Islands,Georgetown
Bahamas,Andros Town
Bahamas,Andros
Bahamas,Marsh Harbor
Bahamas,San Andros
Bahamas,Spring Point
Bahamas,Treasure Cay
Bahamas,Chub Cay
Bahamas,Alice Town
Bahamas,Arthur's Town
Bahamas,Cat Island
Bahamas,Colonel Hill
Bahamas,Great Exuma
Bahamas,North Eleuthera
Bahamas,Governor's Harbor
Bahamas,Rock Sound
Bahamas,Freeport
Bahamas,Matthew Town
Bahamas,Dead Man's Cay
Bahamas,Stella Maris
Bahamas,Mayaguana
Bahamas,Nassau
Bahamas,Cockburn Town
Brazil,Cruzeiro do Sul
Brazil,Rio Branco
Ecuador,Ambato
Ecuador,Coca
Ecuador,Cuenca
Ecuador,Guayaquil
Ecuador,Lago Agrio
Ecuador,Macas
Ecuador,Machala
Ecuador,Manta
Ecuador,Portoviejo
Ecuador,Quito
Ecuador,Salinas
Ecuador,Pastaza
Ecuador,Tiputini
Ecuador,La Toma (Catamayo)
Ecuador,Esmeraldas
Ecuador,Tarapoa
Ecuador,Tulcan
Colombia,Araracuara
Colombia,Acandi
Colombia,Armenia
Colombia,Puerto Asis
Colombia,Bucaramanga
Colombia,Bogota
Colombia,Barranquilla
Colombia,Bahia Solano
Colombia,Buenaventura
Colombia,Capurgana
Colombia,Cucuta
Colombia,Condoto
Colombia,Cartagena
Colombia,Cali
Colombia,Tumaco
Colombia,Caucasia
Colombia,Corozal
Colombia,El Bagre
Colombia,Barrancabermeja
Colombia,Florencia
Colombia,Cartago
Colombia,Guapi
Colombia,Garzón
Colombia,Ibague
Colombia,Ipiales
Colombia,Puerto Leguízamo
Colombia,La Pedrera
Colombia,Leticia
Colombia,Medellin
Colombia,Magangue
Colombia,Monteria
Colombia,Mitu
Colombia,Manizales
Colombia,Nuquí
Colombia,Neiva
Colombia,Ocana
Colombia,Otu
Colombia,Puerto Carreno
Colombia,Puerto Inírida
Colombia,Pereira
Colombia,Popayan
Colombia,Pasto
Colombia,Providencia
Colombia,Rio Negro
Colombia,Rio Hacha
Colombia,Saravena
Colombia,San Jose Del Guaviare
Colombia,Santa Marta
Colombia,San Andres Island
Colombia,San Vincente De Caguan
Colombia,Tolu
Colombia,Tame
Colombia,Arauca
Colombia,Quibdo
Colombia,Tulua
Colombia,Villa Garzon
Colombia,Valledupar
Colombia,Villavicencio
Colombia,Yopal
Peru,Caballococha
Peru,Pucallpa
Peru,Chimbote
Peru,Chiclayo
Peru,Ayacucho
Peru,Andahuaylas
Peru,Anta
Peru,Lima
Peru,Juanjui
Peru,Juliaca
Peru,Cajamarca
Peru,Tumbes
Peru,Yurimaguas
Peru,Huánuco
Peru,Chachapoyas
Peru,Iquitos
Peru,Arequipa
Peru,Trujillo
Peru,Pisco
Peru,Tarapoto
Peru,Tacna
Peru,Puerto Maldonado
Peru,Piura
Peru,Talara
Peru,Nazca
Peru,Cuzco
Greenland,Qaanaaq
Greenland,Thule
Greenland,Upernavik
Greenland,Uummannaq
Canada,Williams Harbour
Canada,Postville
Canada,Black Tickle
Canada,St. Lewis
Canada,Port Hope Simpson
Canada,Rigolet
Canada,Tête-à-la-Baleine
Canada,Kegaska
Canada,La Tabatière
Canada,Halifax
Canada,St. Anthony
Canada,Lourdes-De-Blanc-Sablon
Canada,Cartwright
Canada,Chatham
Canada,Charlo
Canada,Nain
Canada,Fredericton
Canada,Makkovik
Canada,Iles De La Madeleine
Canada,Havre-Saint-Pierre
Canada,Hopedale
Canada,Chevery
Canada,St-Augustin
Canada,Stephenville
Canada,Schefferville
Canada,Mary's Harbour
Canada,Natashquan
Canada,Moncton
Canada,Gander
Canada,Sydney
Canada,St. John
Canada,Summerside
Canada,Bonaventure
Canada,Wabush
Canada,Charlottetown
Canada,Goose Bay
Canada,Greenwood
Canada,Bathurst
Canada,Churchill Falls
Falkland Islands,Mount Pleasant
United States,Nashua
United States,Westfield
United States,Beaver Falls
United States,Caribou
United States,Cedar Key
United States,Clemson
United States,Canton
United States,Carrollton
United States,Cross City
United States,Dalton
United States,Wellington
United States,Kill Devil Hills
United States,Frankfort
United States,Fitchburg
United States,Fort Pierce
United States,Galion
United States,Houlton
United States,Hilton Head Island
United States,Willimantic
United States,Sylvania
United States,Jasper
United States,Lawrence
United States,Lawrenceville
United States,Milledgeville
United States,Morganton
United States,North Kingstown
United States,Oxford
United States,Pikeville
United States,New Philadelpha
United States,Pine Mountain
United States,Presque Isle
United States,Plymouth
United States,Centre
United States,Stuart
United States,Toccoa
United States,Darlington
United States,Cartersville
United States,Winder
Saint Pierre and Miquelon,Miquelon
Saint Pierre and Miquelon,St.-pierre
Dominican Republic,Samana
Dominican Republic,Barahona
Dominican Republic,Constanza
Dominican Republic,La Isabela
Dominican Republic,La Romana
Dominican Republic,Punta Cana
Dominican Republic,Puerto Plata
Dominican Republic,Santiago
Guyana,Kaieteur Falls
Brazil,Alta Floresta
Brazil,Boa Vista
Brazil,Cacador
Brazil,Campo Grande
Brazil,Corumba
Brazil,Cuiaba
Brazil,Manaus
Brazil,Manicore
Brazil,Ponta Pora
Brazil,Porto Velho
Brazil,Santarem
Brazil,Oriximina
Brazil,Una
Brazil,Tefe
Brazil,Tabatinga
Brazil,Vilhena
Chile,Arica
Chile,Calama
Chile,Punta Arenas
Chile,Coyhaique
Chile,Iquique
Chile,Santiago
Chile,El Salvador
Chile,Antofagasta
Chile,Los Angeles
Chile,Copiapo
Chile,Concepcion
Chile,Osorno
Chile,Pucon
Chile,La Serena
Chile,Temuco
Chile,Puerto Montt
Chile,Chaiten
Chile,Valdivia
Brazil,Campinas
Brazil,Sao Paulo de Olivenca
Brazil,Ourilandia do Norte
Falkland Islands,Stanley
Paraguay,Asuncion
Paraguay,Ciudad del Este
Brazil,Bointo
Brazil,Confresa
Brazil,Bauru
Bolivia,Cochabamba
Bolivia,Cobija
Bolivia,Guayaramerín
Bolivia,La Paz
Bolivia,Potosi
Bolivia,Puerto Rico/Manuripi
Bolivia,Puerto Suarez
Bolivia,Riberalta
Bolivia,Reyes
Bolivia,San Borja
Bolivia,Sucre
Bolivia,Tarija
Bolivia,Trinidad
Bolivia,Uyuni
Bolivia,Santa Cruz
Brazil,Redencao
Brazil,Diamantina
Brazil,Sao Felix do Xingu
Brazil,Patos de Minas
French Guiana,Maripasoula
French Guiana,Saint-Laurent-du-Maroni
Brazil,Concordia
Brazil,Francisco Beltrao
Brazil,Umuarama
Uruguay,Colonia
Uruguay,Maldonado
Uruguay,Rivera
Venezuela,Acarigua
Venezuela,Anaco
Venezuela,Barcelona
Venezuela,Barinas
Venezuela,Barquisimeto
Venezuela,Maracay
Venezuela,Ciudad Bolivar
Venezuela,Canaima
Venezuela,Carupano
Venezuela,Coro
Venezuela,Cumana
Venezuela,Guiria
Venezuela,Guanare
Venezuela,Paraguana
Venezuela,La Fria
Venezuela,Maracaibo
Venezuela,Merida
Venezuela,Porlamar
Venezuela,Caracas
Venezuela,Maturin
Venezuela,Puerto Ayacucho
Venezuela,Puerto Cabello
Venezuela,Guayana
Venezuela,Los Roques
Venezuela,San Antonio
Venezuela,Santo Domingo
Venezuela,San Felipe
Venezuela,San Fernando De Apure
Venezuela,San Tome
Venezuela,Santa Barbara
Venezuela,Tucupita
Venezuela,Valencia
Venezuela,El Vigía
Venezuela,Valera
Venezuela,Valle De La Pascua
Brazil,Barcelos
Brazil,Borba
Brazil,Carauari
Brazil,Diamantino
Brazil,Eirunepe
Brazil,Lucas do Rio Verde
Brazil,Sao Felix do Araguaia
Brazil,Humaita
Brazil,Ji-Paraná
Brazil,Coari
Brazil,Labrea
Brazil,Maues
Brazil,Novo Aripuana
Brazil,Fonte Boa
Brazil,Parintins
Brazil,Rondonopolis
Brazil,Sinop
Brazil,Santa Terezinha
Brazil,Santa Isabel do Rio Negro
Guyana,Annai
Guyana,Georgetown
Guyana,Imbaimadai
Guyana,Kaieteur
Guyana,Kamarang
Guyana,Lethem
Guyana,Mabaruma
Guyana,Mahdia
Guyana,Orinduik
Antigua and Barbuda,Antigua
Antigua and Barbuda,Codrington
Barbados,Bridgetown
Dominica,Canefield
Dominica,Dominica
Guadeloupe,Grande Anse
Guadeloupe,Basse Terre
Guadeloupe,St-François
Martinique,Fort-de-france
Guadeloupe,St. Martin
France,Gustavia
Guadeloupe,Grand Bourg
Guadeloupe,Pointe-a-pitre
Guadeloupe,Les Saintes
Grenada,Point Salines
Virgin Islands,St. Thomas
Virgin Islands,St. Croix Island
Puerto Rico,Arecibo
Puerto Rico,Aguadilla
Puerto Rico,Vieques Island
Puerto Rico,Culebra Island
Puerto Rico,Fajardo
Puerto Rico,San Juan
Puerto Rico,Mayaguez
Puerto Rico,Ponce
Puerto Rico,Ceiba
Saint Kitts and Nevis,Basse Terre
Saint Kitts and Nevis,Charlestown
Saint Lucia,Castries
Saint Lucia,Hewandorra
Aruba,Oranjestad
Netherlands Antilles,Kralendijk
Netherlands Antilles,Willemstad
Netherlands Antilles,Oranjestad
Netherlands Antilles,Philipsburg
Netherlands Antilles,Saba
Anguilla,The Valley
Trinidad and Tobago,Scarborough
Trinidad and Tobago,Port-of-spain
British Virgin Islands,Tortola
British Virgin Islands,Spanish Town
Saint Vincent and the Grenadines,Bequia
Saint Vincent and the Grenadines,Canouan Island
Saint Vincent and the Grenadines,Mustique
Saint Vincent and the Grenadines,Union Island
Saint Vincent and the Grenadines,Kingstown
Bermuda,Bermuda
Canada,St. John's
Greenland,Alluitsup Paa
Greenland,Narssarssuaq
Greenland,Qasigiannguit
Greenland,Aasiaat
Greenland,Paamiut
Greenland,Godthaab
Greenland,Qeqertarsuaq Airport
Greenland,Qaqortoq
Greenland,Ilulissat
Greenland,Maniitsoq
Greenland,Nanortalik
Greenland,Narsaq
Greenland,Sondrestrom
Greenland,Sisimiut
Argentina,Concordia
Argentina,Gualeguaychu
Argentina,Parana
Argentina,Rosario
Argentina,Santa Fe
Argentina,Buenos Aires
Argentina,Cordoba
Argentina,La Plata
Argentina,ZAPALA
Argentina,Mendoza
Argentina,Malargue
Argentina,San Rafael
Argentina,Catamarca
Argentina,Santiago Del Estero
Argentina,La Rioja
Argentina,Tucuman
Argentina,San Julian
Argentina,Rio Cuarto
Argentina,Villa Dolores
Argentina,San Luis
Argentina,Corrientes
Argentina,Resistencia
Argentina,Formosa
Argentina,Iguazu Falls
Argentina,Paso De Los Libres
Argentina,Posadas
Argentina,Salta
Argentina,Jujuy
Argentina,Oran
Argentina,Tartagal
Argentina,El Bolson
Argentina,Comodoro Rivadavia
Argentina,Esquel
Argentina,Las Heras
Argentina,Ingeniero Jacobacci
Argentina,San Antonio Oeste
Argentina,Alto Rio Senguer
Argentina,Sierra Grande
Argentina,Trelew
Argentina,Viedma
Argentina,Puerto Madryn
Argentina,El Calafate
Argentina,Puerto Deseado
Argentina,Rio Grande
Argentina,Rio Gallegos
Argentina,Ushuaia
Argentina,Perito Moreno
Argentina,Gobernador Gregores
Argentina,Jose de San Martin
Argentina,Santa Cruz
Argentina,Bahia Blanca
Argentina,Santa Teresita
Argentina,Mar Del Plata
Argentina,Neuquen
Argentina,Necochea
Argentina,Santa Rosa
Argentina,San Carlos De Bariloche
Argentina,Tandil
Argentina,Villa Gesell
Argentina,San Martin Des Andes
Brazil,Conceicao Do Araguaia
Brazil,Araracuara
Brazil,Aracaju
Brazil,Aracatuba
Brazil,Araxa
Brazil,Belem
Brazil,Bage
Brazil,Belo Horizonte
Brazil,Curitiba
Brazil,Brasilia
Brazil,Cascavel
Brazil,Cabo Frio
Brazil,Chapeco
Brazil,Carolina
Brazil,Parauapebas
Brazil,Criciuma
Brazil,Caldas Novas
Brazil,Campos
Brazil,Caravelas
Brazil,Caxias Do Sul
Brazil,President Prudente
Brazil,Foz Do Iguacu
Brazil,Florianopolis
Brazil,Fortaleza
Brazil,Rio De Janeiro
Brazil,Goiania
Brazil,Sao Paulo
Brazil,Guarapuava
Brazil,Governador Valadares
Brazil,Altamira
Brazil,Ilheus
Brazil,Ipatinga
Brazil,Imperatriz
Brazil,Juiz De Fora
Brazil,Joao Pessoa
Brazil,Juazeiro Do Norte
Brazil,Joinville
Brazil,Campina Grande
Brazil,Lençóis
Brazil,Lins
Brazil,Londrina
Brazil,Bom Jesus Da Lapa
Brazil,Maraba
Brazil,Minacu
Brazil,Macaé
Brazil,Maringa
Brazil,Montes Claros
Brazil,Marília
Brazil,Maceio
Brazil,Macapa
Brazil,Mossoro
Brazil,Navegantes
Brazil,Santo Angelo
Brazil,Natal
Brazil,Porto Alegre
Brazil,Pocos De Caldas
Brazil,Passo Fundo
Brazil,Palmas
Brazil,Pelotas
Brazil,Petrolina
Brazil,Porto Nacional
Brazil,Porto Seguro
Brazil,Vitória Da Conquista
Brazil,Recife
Brazil,Rio Grande
Brazil,Ribeirao Preto
Brazil,Sao Jose Dos Campos
Brazil,Sao Luis
Brazil,Santa Maria
Brazil,Sao Jose Do Rio Preto
Brazil,Santos
Brazil,Salvador
Brazil,Toledo
Brazil,Teresina
Brazil,Tucurui
Brazil,Paulo Alfonso
Brazil,Uruguaiana
Brazil,Uberlandia
Brazil,Uberaba
Brazil,Varginha
Brazil,Vitoria
Brazil,Piracununga
Chile,Balmaceda
Chile,Chile Chico
Chile,Puerto Natales
Brazil,Sorocaba
Brazil,Nova Iguacu
Paraguay,Pedro Juan Caballero
Brazil,Franca
Bolivia,Bermejo
Bolivia,Rerrenabaque
Bolivia,Yacuiba
Suriname,Albina
Suriname,Totness
Suriname,Drietabbetje
Suriname,Zandery
Suriname,Nieuw Nickerie
Suriname,Paloemeu
Suriname,Stoelmans Eiland
Suriname,Wageningen
Suriname,Paramaribo
Brazil,Barreiras
Brazil,Guanambi
Brazil,Santana do Araguaia
Brazil,Mucuri
Brazil,Caruaru
Brazil,Soure
Brazil,Breves
French Guiana,Cayenne
French Guiana,Saul
Brazil,BLUMENAU
Brazil,Dourados
Brazil,Erechim
Brazil,Joacaba
Brazil,Santa Rosa
Uruguay,Punta del Este
Uruguay,Montevideo
Uruguay,Salto
Brazil,Gurupi
Brazil,Araguaina
Brazil,Rio Verde
Greenland,Angmagssalik
Brazil,Fernando Do Noronha
Ukraine,Kerch
Greenland,Neerlerit Inaat
Belgium,Knokke
Cape Verde,Amilcar Cabral
Cape Verde,Boa Vista
Cape Verde,Maio
Cape Verde,"Praia, Santiago Island"
Cape Verde,"Sao Filipe, Fogo Island"
Cape Verde,Sao Nocolau Island
Cape Verde,Sao Vicente Island
Portugal,Santa Maria (island)
Portugal,Corvo
Portugal,Flores
Portugal,Graciosa Island
Portugal,Horta
Portugal,Lajes (terceira Island)
Portugal,Ponta Delgada
Portugal,Pico
Portugal,Sao Jorge Island
Greenland,Ittoqqortoormiit
Iceland,Akureyri
Iceland,Bildudalur
Iceland,Egilsstadir
Iceland,Gjogur
Iceland,Grímsey
Iceland,Hofn
Iceland,Husavik
Iceland,Isafjordur
Iceland,Keflavik
Iceland,Saudarkrokur
Iceland,Patreksfjordur
Iceland,Reykjavik
Iceland,Myvatn
Iceland,Siglufjordur
Iceland,Thorshofn
Iceland,Vestmannaeyjar
Iceland,Vopnafjörður
Algeria,Setif
Burkina Faso,Ouagadougou
Burkina Faso,Bobo-dioulasso
Ghana,Accra
Ghana,Tamale
Ghana,Kumasi
Ghana,Sunyani
Ghana,Takoradi
Cote d'Ivoire,Abidjan
Cote d'Ivoire,Bouake
Cote d'Ivoire,Daloa
Cote d'Ivoire,Korhogo
Cote d'Ivoire,Man
Cote d'Ivoire,San Pedro
Cote d'Ivoire,Yamoussoukro
Tunisia,Tabarka
Tunisia,Monastir
Tunisia,Enfidha
Tunisia,Tunis
Tunisia,Gafsa
Tunisia,Gabes
Tunisia,Djerba
Tunisia,El Borma
Tunisia,Sfax
Tunisia,Tozeur
United Kingdom,Belfast
United Kingdom,Enniskillen
United Kingdom,Londonderry
United Kingdom,Birmingham
United Kingdom,Coventry
United Kingdom,Golouchestershire
United Kingdom,Nottingham
United Kingdom,Manchester
United Kingdom,"Doncaster, Sheffield"
United Kingdom,Newquai
United Kingdom,Lyneham
United Kingdom,Yeovilton
United Kingdom,Campbeltown
United Kingdom,Eday
United Kingdom,Fair Isle
United Kingdom,North Ronaldsay
United Kingdom,North Connel
United Kingdom,Papa Westray
United Kingdom,Stronsay
United Kingdom,Sanday
United Kingdom,Lerwick
United Kingdom,Westray
United Kingdom,Colonsay
United Kingdom,Cardiff
United Kingdom,Swansea
United Kingdom,Bristol
United Kingdom,Liverpool
United Kingdom,London
United Kingdom,Land's End
United Kingdom,Plymouth
United Kingdom,Bournemouth
United Kingdom,Southampton
United Kingdom,Bembridge
United Kingdom,Penzance
United Kingdom,Lasham
United Kingdom,Tresco
Guernsey,Alderney
Guernsey,Guernsey
Jersey,Jersey
United Kingdom,Shoreham By Sea
United Kingdom,Biggin Hill
United Kingdom,Farnborough
United Kingdom,Blackbushe
United Kingdom,Southend
United Kingdom,Lydd
United Kingdom,Manston
United Kingdom,Lympne
United Kingdom,Carlisle
United Kingdom,Blackpool
United Kingdom,Humberside
United Kingdom,Barrow Island
United Kingdom,Leeds
United Kingdom,Hawarden
Isle of Man,Isle Of Man
United Kingdom,Newcastle
United Kingdom,Teesside
United Kingdom,East Midlands
United Kingdom,Angelsey
United Kingdom,Kirkwall
United Kingdom,Sumburgh
United Kingdom,Wick
United Kingdom,Aberdeen
United Kingdom,Inverness
United Kingdom,Glasgow
United Kingdom,Edinburgh
United Kingdom,Islay
United Kingdom,Prestwick
United Kingdom,Benbecula
United Kingdom,Scatsta
United Kingdom,Dundee
United Kingdom,Stornoway
United Kingdom,Barra
United Kingdom,Perth
United Kingdom,Tiree
United Kingdom,Unst
United Kingdom,Leuchars
United Kingdom,Lossiemouth
United Kingdom,Cambridge
United Kingdom,Norwich
United Kingdom,Duxford
United Kingdom,Exeter
United Kingdom,Oxford
United Kingdom,Mildenhall
United Kingdom,Fairford
United Kingdom,Brize Norton
United Kingdom,Odiham
United Kingdom,Northolt
United Kingdom,Coningsby
United Kingdom,Honington
United Kingdom,Waddington
United Kingdom,Marham
Ireland,Bantry
Ireland,Indreabhan
Ireland,Cork
Ireland,Galway
Ireland,Dongloe
Ireland,Dublin
Ireland,Inis Mor
Ireland,Inisheer
Ireland,Connaught
Ireland,Kerry
Ireland,Inishmaan
Ireland,Shannon
Ireland,Sligo
Ireland,Waterford
Faroe Islands,Vagar
Sao Tome and Principe,Principe
Sao Tome and Principe,Sao Tome
Mali,Bamako
Mali,Gao
Mali,Kayes
Mali,Mopti
Mali,Tombouctou
Gambia,Banjul
Spain,Fuerteventura
Spain,La Gomera
Spain,Hierro
Spain,Santa Cruz De La Palma
Spain,Gran Canaria
Spain,Las Palmas
Spain,Tenerife
Spain,Ceuta
Spain,Melilla
Sierra Leone,Bonthe
Sierra Leone,Bo
Sierra Leone,Gbangbatok
Sierra Leone,Freetown
Sierra Leone,Kenema
Sierra Leone,Yengema
Guinea-Bissau,Bissau
Liberia,Greenville
Liberia,Monrovia
Morocco,Agadir
Morocco,Tan Tan
Morocco,Fes
Morocco,Er-rachidia
Morocco,Meknes
Western Sahara,Smara
Morocco,Rabat
Western Sahara,Dakhla
Morocco,Essadouira
Western Sahara,El Aaiún
Morocco,Casablanca
Morocco,El Aroui
Morocco,Marrakech
Morocco,Kentira
Morocco,Ouarzazate
Morocco,Al Hociema
Morocco,Tetouan
Morocco,Tanger
Senegal,Ziguinchor
Senegal,Cap Skiring
Senegal,Kaolack
Senegal,Dakar
Senegal,Matam
Senegal,St. Louis
Senegal,Bakel
Senegal,Kedougou
Senegal,Tambacounda
Mauritania,Aioun El Atrouss
Mauritania,Tidjikja
Mauritania,Kiffa
Mauritania,Nema
Mauritania,Kaedi
Mauritania,Nouakschott
Mauritania,Selibabi
Mauritania,Atar
Mauritania,Nouadhibou
Guinea,Conakry
Guinea,Fira
Guinea,Faranah
Guinea,Labe
Spain,Huesca
France,Île d'Yeu
Portugal,Braganca
Portugal,Faro
Portugal,Funchal
Portugal,Porto
Portugal,Porto Santo
Portugal,Lisbon
Portugal,Vila Real
Germany,Augsburg
Germany,Bamberg
Germany,Biessenhofen
Germany,Bochum
Germany,Buchloe
Algeria,Bejaja
Algeria,Algier
Algeria,Djanet
Algeria,Boufarik
Algeria,Illizi
Algeria,Tamanrasset
Algeria,Jijel
Algeria,Annaba
Algeria,Constantine
Algeria,Tebessa
Algeria,Batna
Algeria,Tilrempt
Algeria,Djelfa
Algeria,Tiaret
Algeria,Tindouf
Algeria,Ech-cheliff
Algeria,Oran
Algeria,Tlemcen
Algeria,Béchar
Algeria,Ghriss
Algeria,Bordj Badji Mokhtar
Algeria,Adrar
Algeria,Biskra
Algeria,El Golea
Algeria,Ghardaia
Algeria,Hassi Messaoud
Algeria,In Salah
Algeria,Touggourt
Algeria,Laghouat
Algeria,Guemar
Algeria,Timimoun
Algeria,Ouargla
Algeria,Zarzaitine
Benin,Cotonou
Nigeria,Abuja
Nigeria,Akure
Nigeria,Benin
Nigeria,Calabar
Nigeria,Enugu
Nigeria,Gusau
Nigeria,Ibadan
Nigeria,Ilorin
Nigeria,Imo
Nigeria,Jos
Nigeria,Kaduna
Nigeria,Kano
Nigeria,Maiduguri
Nigeria,Makurdi
Nigeria,Lagos
Nigeria,Minna
Nigeria,Port Hartcourt
Nigeria,Sokoto
Nigeria,Osubi
Nigeria,Yola
Nigeria,Zaria
Niger,Maradi
Niger,Niamey
Niger,Tahoua
Niger,Agadez
Niger,Zinder
Togo,Niatougou
Togo,Lome
Belgium,Antwerp
Belgium,Brussels
Belgium,Charleroi
Germany,Ebenhofen
Belgium,Kortrijk-vevelgem
Belgium,Liege
Belgium,Ostend
Germany,Bautzen
Germany,Altenburg
Germany,Heringsdorf
Germany,Cochstedt
Germany,Barth
Germany,Ruegen
Germany,Peenemunde
Germany,Dresden
Germany,Erfurt
Germany,Frankfurt
Germany,Munster
Germany,Hamburg
Germany,Berlin
Germany,Cologne
Germany,Duesseldorf
Germany,Munich
Germany,Nuernberg
Germany,Leipzig
Germany,Saarbruecken
Germany,Stuttgart
Germany,Hannover
Germany,Bremen
Germany,Hahn
Germany,Mannheim
Germany,Kiel
Germany,Luebeck
Germany,Heidelberg
Germany,Memmingen
Germany,Aachen
Germany,Arnsberg
Germany,Essen
Germany,Moenchengladbach
Germany,Paderborn
Germany,Weeze
Germany,Dortmund
Germany,Oberpfaffenhofen
Germany,Friedrichshafen
Germany,Parchim
Germany,Stendal
Germany,Bayreuth
Germany,Hof
Germany,Koblenz
Germany,Trier
Germany,Speyer
Germany,Karlsruhe/Baden-Baden
Germany,Donaueschingen
Germany,Lahr
Germany,Braunschweig
Germany,Kassel
Germany,Bremerhaven
Germany,Emden
Germany,Wangerooge
Germany,Wilhelmshaven
Germany,Juist
Germany,Langeoog
Germany,Borkum
Germany,Norden
Germany,Norderney
Germany,Büsum
Germany,Flensburg
Germany,Helgoland
Germany,Sankt Peter-Ording
Germany,Westerland
Finland,Kemi
Netherlands,Amsterdam
Netherlands,Maastricht
Netherlands,Eindhoven
Netherlands,Groningen
Netherlands,De Kooy
Netherlands,Leeuwarden
Netherlands,Rotterdam
Netherlands,Soesterberg
Netherlands,Enschede
Netherlands,Valkenburg
Netherlands,Woensdrecht
Denmark,Aarhus
Denmark,Billund
Denmark,Copenhagen
Denmark,Esbjerg
Denmark,Karup
Denmark,Odense
Denmark,Ronne
Denmark,Soenderborg
Denmark,Sindal
Denmark,Skrydstrup
Denmark,Thisted
Denmark,Stauning
Denmark,Aalborg
Luxembourg,Luxemburg
Norway,Alesund
Norway,Andoya
Norway,Alta
Norway,Bronnoysund
Norway,Bodo
Norway,Bergen
Norway,Batsfjord
Norway,Berlevag
Norway,Kristiansand
Norway,Bardufoss
Norway,Harstad/Narvik
Norway,Oslo
Norway,Fagernes
Norway,Floro
Norway,Hamar
Norway,Haugesund
Norway,Hammerfest
Norway,Hasvik
Norway,Honningsvag
Norway,Jan Mayen
Norway,Kristiansund
Norway,Kirkenes
Norway,Farsund
Norway,Leknes
Norway,Molde
Norway,Mehamn
Norway,Mosjoen
Norway,Lakselv
Norway,Narvik
Norway,Namsos
Norway,Notodden
Norway,Orland
Norway,Orsta-Volda
Norway,Mo i Rana
Norway,Rørvik
Norway,Roros
Norway,Røst
Norway,Rygge
Norway,Svalbard
Norway,Sandane
Norway,Sogndal
Norway,Svolvær
Norway,Stokmarknes
Norway,Skien
Norway,Stord
Norway,Sorkjosen
Norway,Vardø
Norway,Sandnessjoen
Norway,Tromso
Norway,Sandefjord
Norway,Trondheim
Norway,Vadso
Norway,Værøy
Norway,Stavanger
Poland,Bydgoszcz
Poland,Gdansk
Poland,Krakow
Poland,Koszalin
Poland,Katowice
Poland,Lublin
Poland,Lodz
Poland,Warsaw
Poland,Gdynia
Poland,Poznan
Poland,RADOM
Poland,Rzeszow
Poland,Szczecin
Poland,Slupsk
Poland,Wroclaw
Poland,Zielona Gora
Sweden,Soderhamn
Sweden,Ronneby
Sweden,Gothenborg
Sweden,Joenkoeping
Sweden,Lidkoping
Sweden,Skovde
Sweden,Trollhattan
Sweden,Karlskoga
Sweden,Mora
Sweden,Stockholm
Sweden,Kristianstad
Sweden,Landskrona
Sweden,Oskarshamn
Sweden,Kalkmar
Sweden,Malmoe
Sweden,Halmstad
Sweden,Vaxjo
Sweden,Sveg
Sweden,Gallivare
Sweden,Hudiksvall
Sweden,Kramfors
Sweden,Lycksele
Sweden,Sundsvall
Sweden,Ornskoldsvik
Sweden,Kiruna
Sweden,Skelleftea
Sweden,Umea
Sweden,Vilhelmina
Sweden,Arvidsjaur
Sweden,Östersund
Sweden,Orebro
Sweden,Hagfors
Sweden,Karlstad
Sweden,Vasteras
Sweden,Lulea
Sweden,Borlange
Sweden,Hultsfred
Sweden,Gavle
Sweden,Linkoeping
Sweden,Norrkoeping
Sweden,Torsby
Sweden,Visby
Sweden,Ängelholm
Sweden,Mohed
Sweden,Pajala
Sweden,Hemavan
Germany,Spangdahlem
Germany,Ramstein
Germany,Giebelstadt
Germany,Celle
Germany,Hanau
Germany,Geilenkirchen
Germany,Laage
Germany,Fuerstenfeldbruck
Germany,Guetersloh
South Africa,Lephalale
Congo (Brazzaville),Brazzaville
Congo (Kinshasa),Owando
Congo (Kinshasa),Ouesso
Congo (Brazzaville),Loubomo
Congo (Brazzaville),Pointe-noire
Central African Republic,Bangui
Central African Republic,Berberati
Equatorial Guinea,Bata
Equatorial Guinea,Malabo
Cameroon,Tiko
Cameroon,Douala
Cameroon,Maroua
Cameroon,Foumban
Cameroon,N'gaoundere
Cameroon,Garoua
Cameroon,Bafoussam
Cameroon,Bamenda
Cameroon,Yaounde
Angola,M'banza-congo
Angola,Benguela
Angola,Cabinda
Angola,Kapanda
Angola,Catumbela
Angola,Dundo
Angola,Ondjiva
Angola,Huambo
Angola,Kuito
Angola,Lucapa
Angola,Luanda
Angola,Malanje
Angola,Menongue
Angola,Mocamedes
Angola,Negage
Angola,Porto Amboim
Angola,Saurimo
Angola,Soyo
Angola,Lubango
Angola,Luena
Angola,Uige
Angola,Xangongo
Gabon,Koulamoutou
Gabon,Mouila
Gabon,Oyem
Gabon,Okondja
Gabon,Lambarene
Gabon,Bitam
Gabon,Port Gentil
Gabon,Omboue Hospial
Gabon,Makokou
Gabon,Libreville
Gabon,Franceville
Gabon,Tchibanga
Gabon,Mayumba
Chad,Sarh
Chad,Abeche
Chad,Moundou
Chad,N'djamena
Chad,Am Timan
Chad,Faya-largeau
Germany,Fussen
Namibia,Grootfontein
Namibia,Mpacha
Namibia,Luderitz
Namibia,Mokuti Lodge
Namibia,Ondangwa
Namibia,Oranjemund
Namibia,Okaukuejo
Namibia,Rundu
Namibia,Swakopmund
Namibia,Tsumeb
Namibia,Walvis Bay
Namibia,Windhoek
Congo (Kinshasa),Kinshasa
Congo (Kinshasa),Muanda
Congo (Kinshasa),Boma
Congo (Kinshasa),Matadi
Congo (Kinshasa),Inongo
Congo (Kinshasa),Nioki
Congo (Kinshasa),Bandoundu
Congo (Kinshasa),Kiri
Congo (Kinshasa),Kikwit
Congo (Kinshasa),Mbandaka
Congo (Kinshasa),Basankusu
Congo (Kinshasa),Gbadolite
Congo (Kinshasa),Gemena
Congo (Kinshasa),Lisala
Congo (Kinshasa),Ilebo
Morocco,Oujda
Libya,Sirt
Libya,Tobruk
Libya,Ghat
Libya,Kufra
Libya,Benghazi
Libya,Tripoli
Libya,Al Bayda'
Libya,Sebha
Libya,Ghadames
Germany,Ingolstadt
Germany,Kaufbeuren
Germany,Kempten
Germany,Cuxhaven
Germany,Koln
Albania,Tirana
Croatia,Dubrovnik
Croatia,Osijek
Croatia,Pula
Croatia,Rijeka
Croatia,Brac
Croatia,Split
Croatia,Zagreb
Croatia,Zadar
Spain,Alicante
Spain,Almeria
Spain,Aviles
Spain,Cordoba
Spain,Bilbao
Spain,Burgos
Spain,Barcelona
Spain,Badajoz
Spain,La Coruna
Spain,Lleida
Spain,Gerona
Spain,Granada
Spain,Ibiza
Spain,Jerez
Spain,Murcia
Spain,Sabadell
Spain,Leon
Spain,Logroño-Agoncillo
Spain,Madrid
Spain,Malaga
Spain,Menorca
Spain,Sevilla
Spain,Palma de Mallorca
Spain,Pamplona
Spain,Ciudad Real
Spain,Reus
Spain,Salamanca
Spain,San Sebastian
Spain,Santiago
Spain,Seo De Urgel
Germany,Leuterschach
Spain,Valencia
Spain,Valladolid
Spain,Vitoria
Spain,Vigo
Spain,Santander
Spain,Zaragoza
France,Calais
France,Le Tourquet
France,Agen
France,Bordeaux
France,Bergerac
France,Cognac
France,La Rochelle
France,Poitiers
France,Limoges
France,Niort
France,Toulouse
France,Pau
France,Tarbes
France,Angouleme
France,Brive
France,Perigueux
France,Biarritz-bayonne
France,Arcachon
France,Albi
France,Castres
France,Rodez
France,Royan
France,Rochefort
France,Colmar
France,Dole
France,Verdun
France,Aubenas-vals-lanas
France,Le Puy
France,Bourg
France,Vilefrance
France,Moulins
France,Metz
France,Angers/Marcé
France,Bastia
France,Calvi
France,Figari
France,Ajaccio
France,Solenzara
France,Auxerre
France,Chambery
France,Clermont-Ferrand
France,Bourges
France,Chalon
France,Annemasse
France,Courcheval
France,Lyon
France,Macon
France,Roanne
France,Annecy
France,Grenoble
France,Montlucon
France,Valence
France,Vichy
France,Aurillac
France,Chateauroux
France,Aix-les-milles
France,Cannes
France,St-Etienne
France,Carcassonne
France,Marseille
France,Nice
France,Perpignan
France,Le Castellet
France,Montpellier
France,Beziers
France,Avignon
France,Mende
France,Beauvais
France,Le Havre
France,Orleans
France,Chalons
France,Rouen
France,Tours
France,Cholet
France,Laval
France,Paris
France,Creil
France,Toussous-le-noble
France,Pontoise
France,Troyes
France,Nevers
France,Lille
France,Brest
France,Cherbourg
France,Dinard
France,Granville
France,Deauville
France,Lorient
France,La Roche-sur-yon
France,Caen
France,Le Mans
France,Rennes
France,Lannion
France,Quimper
France,Nantes
France,St.-brieuc Armor
France,Morlaix
France,Vannes
France,St.-nazaire
France,Mulhouse
France,Dijon
France,Epinal
France,Nancy
France,Reims
France,Strasbourg
France,Hyeres
France,Frejus
France,Nimes
France,La Môle
Hungary,Budapest
Hungary,Debrecen
Hungary,Pécs-Pogány
Hungary,Gy?r
Hungary,Sármellék
Italy,Crotone
Italy,Bari
Italy,Foggia
Italy,Grottaglie
Italy,Lecce
Italy,Pescara
Italy,Brindisi
Italy,Lamezia
Italy,Catania
Italy,Lampedusa
Italy,Pantelleria
Italy,Palermo
Italy,Reggio Calabria
Italy,Trapani
Italy,Sigonella
Italy,Alghero
Italy,Decimomannu
Italy,Cagliari
Italy,Olbia
Italy,Oristano
Italy,Tortoli
Italy,Milano
Italy,Bergamo
Italy,Torino
Italy,Albenga
Italy,Genoa
Italy,Milan
Italy,Parma
Italy,Piacenza
Italy,Aosta
Italy,Cuneo
Germany,Lindau
Italy,Aviano
Italy,Bolzano
Italy,Bologna
Italy,Treviso
Italy,Forli
Italy,Brescia
Italy,Ronchi De Legionari
Italy,Rimini
Italy,Vicenza
Italy,Padova
Italy,Villafranca
Italy,Ancona
Italy,Venice
Italy,Siena
Italy,Rome
Italy,Salerno
Italy,Marina Di Campo
Italy,Latina
Italy,Naples
Italy,Pisa
Italy,Florence
Italy,Grosseto
Italy,Perugia
Slovenia,Ljubliana
Slovenia,Maribor
Slovenia,Portoroz
Czech Republic,Karlovy Vary
Czech Republic,Ostrava
Czech Republic,Pardubice
Czech Republic,Prerov
Czech Republic,Prague
Czech Republic,Sazena
Czech Republic,Brno
Malta,Gozo
Malta,Malta
Austria,Hohenems
Austria,Graz
Austria,Innsbruck
Austria,Klagenfurt
Austria,Linz
Austria,Salzburg
Austria,Vienna
Bosnia and Herzegovina,Banja Luka
Bosnia and Herzegovina,Mostar
Bosnia and Herzegovina,Sarajevo
Switzerland,Geneva
Switzerland,Neuchatel
Switzerland,Sion
Switzerland,Interlaken
Switzerland,Lugano
Switzerland,Bern
Switzerland,Buochs
Switzerland,Zurich
Switzerland,Locarno
Switzerland,Altenrhein
Switzerland,Samedan
Macedonia,Ohrid
Macedonia,Skopje
Gibraltar,Gibraltar
Serbia,Belgrade
Serbia,Nis
Montenegro,Podgorica
Serbia,Pristina
Montenegro,Tivat
Slovakia,Bratislava
Slovakia,Kosice
Slovakia,Piestany
Slovakia,Sliac
Slovakia,Poprad
Slovakia,ilina
Germany,Marktoberdorf
Germany,Nurnberg
Germany,Regensburg
Germany,Treuchtlingen
Montserrat,Geralds
Germany,Wurzburg
Estonia,Kardla
Estonia,Kuressaare
Estonia,Parnu
Estonia,Tallinn-ulemiste International
Estonia,Tartu
Finland,Enontekio
Finland,Halli
Finland,Helsinki
Finland,Hyvinkaa
Finland,Ivalo
Finland,Joensuu
Finland,Jyvaskyla
Finland,Kauhava
Finland,Kajaani
Finland,Kruunupyy
Finland,Kuusamo
Finland,Kittila
Finland,Kuopio
Finland,Lappeenranta
Finland,Mariehamn
Finland,Mikkeli
Finland,Oulu
Finland,Pori
Finland,Rovaniemi
Finland,Savonlinna
Finland,Seinäjoki / Ilmajoki
Finland,Sodankyla
Finland,Tampere
Finland,Turku
Finland,Utti
Finland,Vaasa
Finland,Varkaus
Latvia,Liepaja
Latvia,Riga
Latvia,Ventspils
Lithuania,Kaunas
Lithuania,Palanga
Lithuania,Panevezys
Lithuania,Siauliai
Lithuania,Barysiai
Lithuania,Vilnius
South Africa,Alexander Bay
South Africa,Aggeneys
South Africa,Alldays
South Africa,Bisho
South Africa,Bloemfontein
South Africa,Cape Town
South Africa,Durban
South Africa,East London
South Africa,Johannesburg
South Africa,George
South Africa,Hoedspruit
South Africa,Kimberley
South Africa,Mpumalanga
South Africa,Kleinsee
South Africa,Ladysmith
South Africa,Malamala
South Africa,Margate
South Africa,Mafeking
South Africa,Musina
South Africa,Newcastle
South Africa,Nelspruit
South Africa,Oudtshoorn
South Africa,Port Elizabeth
South Africa,Phalaborwa
South Africa,Polokwane
South Africa,Pietermaritzburg
South Africa,Pilanesberg
South Africa,Queenstown
South Africa,Richard's Bay
South Africa,Springbok
South Africa,Sishen
South Africa,Skukuza
South Africa,Tzaneen
South Africa,Ulundi
South Africa,Upington
South Africa,Umtata
South Africa,Vryburg
South Africa,Pretoria
South Africa,Welkom
Botswana,Francistown
Botswana,Ghanzi
Botswana,Jwaneng
Botswana,Kasane
Botswana,Khwai River
Botswana,Maun
Botswana,Orapa
Botswana,Gaberone
Botswana,Selebi-phikwe
Botswana,Shakawe
Botswana,Tuli Lodge
Swaziland,Manzini
Zambia,Chipata
Zambia,Kasaba Bay
Zambia,Livingstone
Zambia,Lusaka
Zambia,Mfuwe
Zambia,Ndola
Zambia,Southdowns
Zambia,Solwesi
Mozambique,Beira
Mozambique,Chimoio
Mozambique,Inhambane
Mozambique,Lichinga
Mozambique,Maputo
Mozambique,Mocimboa Da Praia
Mozambique,Nacala
Mozambique,Nampula
Mozambique,Pemba
Mozambique,Quelimane
Mozambique,Tete
Mozambique,Vilankulu
Zimbabwe,Bulawayo
Zimbabwe,Chiredzi
Zimbabwe,Victoria Falls
Zimbabwe,Harare
Zimbabwe,Kariba
Zimbabwe,Masvingo
Zimbabwe,Gwert
Zimbabwe,Hwange National Park
Malawi,Blantyre
Malawi,Club Makokola
Malawi,Karonga
Malawi,Lilongwe
Malawi,Mzuzu
Lesotho,Maseru
Congo (Kinshasa),Kisangani
Congo (Kinshasa),Isiro
Congo (Kinshasa),Bunia
Congo (Kinshasa),Bukavu/kavumu
Congo (Kinshasa),Goma
Congo (Kinshasa),Kindu
Congo (Kinshasa),Lubumashi
Congo (Kinshasa),Kolwezi
Congo (Kinshasa),Kalemie
Congo (Kinshasa),Kamina Base
Congo (Kinshasa),Kananga
Congo (Kinshasa),Tshikapa
Congo (Kinshasa),Lodja
Congo (Kinshasa),Mbuji-mayi
Burundi,Bujumbura
Egypt,Dabaa City
Egypt,El Arish
Egypt,Asyut
Egypt,Alexandria
Egypt,Abu Simbel
Egypt,Cairo
Egypt,Hurghada
Egypt,El Gorah
Egypt,Luxor
Egypt,Marsa Alam
Egypt,Sohag
Egypt,Mersa-matruh
Egypt,Sharq Al-Owainat
Egypt,Port Said
Egypt,St. Catherine
Egypt,Sharm El Sheikh
Egypt,Aswan
Egypt,Taba
Egypt,El-tor
Rwanda,Gisenyi
Rwanda,Kigali
Rwanda,Kamembe
Sudan,Atbara
Sudan,Dongola
Sudan,El Fasher
Sudan,Geneina
Sudan,Kassala
Sudan,Nyala
Sudan,El Obeid
Sudan,Port Sudan
South Sudan,Juba
Sudan,Malakal
Sudan,Khartoum
Tanzania,Mtwara
Turkey,Adana
Bulgaria,Haskovo
Bulgaria,Bourgas
Bulgaria,Gorna Orechovica
Bulgaria,Plovdiv
Bulgaria,Sofia
Bulgaria,Varna
Cyprus,Nicosia
Cyprus,Larnaca
Cyprus,Paphos
Cyprus,Akrotiri
Greece,Andravida
Greece,Agrinion
Greece,Alexandroupolis
Greece,Athens
Greece,Nea Anghialos
Greece,Chios
Greece,Porto Heli
Greece,Ikaria
Greece,Ioannina
Greece,Heraklion
Greece,Kastoria
Greece,Kithira
Greece,Keffallinia
Greece,Kastelorizo
Greece,Kalamata
Greece,Kos
Greece,Karpathos
Greece,Kerkyra/corfu
Greece,Kasos
Greece,Kavala
Greece,Kalymnos
Greece,Kozani
Greece,Leros
Greece,Limnos
Greece,Larissa
Greece,Mykonos
Greece,Milos
Greece,Mytilini
Greece,Cyclades Islands
Greece,Paros
Greece,Astypalaia
Greece,Preveza
Greece,Rhodos
Greece,Patras
Greece,Chania
Greece,Skiathos
Greece,Samos
Greece,Syros Island
Greece,Thira
Greece,Sitia
Greece,Skiros
Greece,Thessaloniki
Greece,Zakynthos
Israel,Tel-aviv
Israel,Beer-sheba
Israel,Elat
Israel,Haifa
Israel,Rosh Pina
Israel,Ovda
Romania,Arad
Romania,Bacau
Romania,Baia Mare
Romania,Bucharest
Romania,Constanta
Romania,Cluj-napoca
Romania,Caransebes
Romania,Craiova
Romania,Iasi
Romania,Oradea
Romania,Sibiu
Romania,Satu Mare
Romania,Suceava
Romania,Timisoara
Romania,Tulcea
Romania,Tirgu Mures
Turkey,Ankara
Turkey,Afyon
Turkey,Antalya
Turkey,Gaziantep
Turkey,Konya
Turkey,Merzifon
Turkey,Sivas
Turkey,Zonguldak
Turkey,Malatya
Turkey,Kayseri
Turkey,Denizli
Turkey,Nevsehir
Turkey,Istanbul
Turkey,Balikesir
Turkey,Bandirma
Turkey,Canakkale
Turkey,Eskisehir
Turkey,Izmir
Turkey,Usak
Turkey,Yenisehir
Turkey,Dalaman
Turkey,Çorlu
Turkey,Bodrum
Turkey,Eskissehir
Turkey,Elazig
Turkey,Diyabakir
Turkey,Erzincan
Turkey,Erzurum
Turkey,Kars
Turkey,Trabzon
Turkey,Sanliurfa
Turkey,Van
Turkey,Batman
Turkey,Mus
Turkey,Sinop
Turkey,Kahramanmaras
Turkey,Agri
Turkey,Adiyaman
Turkey,Mardin
Turkey,Hatay
Turkey,Isparta
Turkey,Balikesir Korfez
Turkey,Alanya
Turkey,Samsun
Moldova,Chisinau
Palestine,Gaza
Jordan,Amman
Jordan,Aqaba
Jordan,Mafraq
Lebanon,Beirut
Syria,Aleppo
Syria,Damascus
Syria,Deire Zor
Syria,Kamishly
Syria,Latakia
Syria,Palmyra
Georgia,Batumi
Ukraine,Kiev
Ukraine,Donetsk
Ukraine,Mariupol International
Ukraine,Lugansk
Ukraine,Dnepropetrovsk
Ukraine,Zaporozhye
Ukraine,Krivoy Rog
Ukraine,Sevastopol
Ukraine,Simferopol
Ukraine,Kharkov
Ukraine,Cherkassy
Ukraine,Kirovograd
Ukraine,Lutsk
Ukraine,Khmeinitskiy
Ukraine,Ivano-Frankivsk
Ukraine,Lvov
Ukraine,Chernovtsk
Ukraine,Rivne
Ukraine,Ternopol
Ukraine,Uzhgorod
Ukraine,Kherson
Ukraine,Nikolayev
Ukraine,Odessa
Ukraine,Chernigov
Ukraine,Vinnitsa
Comoros,Moroni
Comoros,Moheli
Comoros,Anjouan
Mayotte,Dzaoudzi
Madagascar,Antsirabe
Madagascar,Antsalova
Madagascar,Antananarivo
Madagascar,Ankavandra
Madagascar,Belo sur Tsiribihina
Madagascar,Miandrivazo
Madagascar,Maintirano
Madagascar,Morafenobe
Madagascar,Sainte Marie
Madagascar,Toamasina
Madagascar,Tambohorano
Madagascar,Morondava
Madagascar,Tsiroanomandidy
Madagascar,Ambatondrazaka
Madagascar,Antsiranana
Madagascar,Mananara
Madagascar,Andapa
Madagascar,Ambilobe
Madagascar,Port Bergé
Madagascar,Antalaha
Madagascar,Ambanja
Madagascar,Analalava
Madagascar,Mahajanga
Madagascar,Nosy-be
Madagascar,Soalala
Madagascar,Mampikony
Madagascar,Besalampy
Madagascar,Maroantsetra
Madagascar,Sambava
Madagascar,Tsaratanana
Madagascar,Vohemar
Madagascar,Antsohihy
Madagascar,Mandritsara
Madagascar,Tolagnaro
Madagascar,Fianarantsoa
Madagascar,Farafangana
Madagascar,Manja
Madagascar,Manakara
Madagascar,Bekily
Madagascar,Mananjary
Madagascar,Morombe
Madagascar,Toliara
Ethiopia,Addis Ababa
Ethiopia,Arba Minch
Ethiopia,Axum
Ethiopia,Baco
Ethiopia,Bahar Dar
Ethiopia,Beica
Ethiopia,Dessie
Ethiopia,Dembidollo
Ethiopia,Debre Marqos
Ethiopia,Dire Dawa
Ethiopia,Debre Tabor
Ethiopia,Goba
Ethiopia,Gambella
Ethiopia,Gondar
Ethiopia,Gode
Ethiopia,Gore
Ethiopia,Debre Zeyit
Ethiopia,Humera
Ethiopia,Jijiga
Ethiopia,Jimma
Ethiopia,Kabri Dehar
Ethiopia,Awasa
Ethiopia,Lalibella
Ethiopia,Mekane Selam
Ethiopia,Makale
Ethiopia,Mizan Teferi
Ethiopia,Asosa
Ethiopia,Tippi
Somalia,Alula
Somalia,Bosaso
Somalia,Hargeisa
Somalia,Berbera
Somalia,Kismayu
Somalia,Mogadishu
Somalia,Galcaio
Somalia,Burao
Djibouti,Djibouti
Eritrea,Asmara
Eritrea,Massawa
Eritrea,Assab
Kenya,Amboseli National Park
Kenya,Eldoret
Kenya,Garissa
Kenya,Hola
Kenya,Nairobi
Kenya,Kisumu
Kenya,Kilaguni
Kenya,Kericho
Kenya,Kitale
Kenya,Lokichoggio
Kenya,Lodwar
Kenya,Lamu
Kenya,Malindi
Kenya,Mombasa
Kenya,Moyale
Kenya,Nanyuki
Kenya,Samburu South
Kenya,Ukunda
Kenya,Wajir
Sudan,Rumbek
Sudan,Wadi Halfa
Sudan,Wau
Tanzania,Arusha
Tanzania,Bukoba
Tanzania,Dar Es Salaam
Tanzania,Dodoma
Tanzania,Iringa
Tanzania,Kigoma
Tanzania,Kilimanjaro
Tanzania,Lindi
Tanzania,Lake Manyara
Tanzania,Mafia Island
Tanzania,Musoma
Tanzania,Mwanza
Tanzania,Pemba
Tanzania,Seronera
Tanzania,Shinyanga
Tanzania,Tabora
Tanzania,Tanga
Tanzania,Zanzibar
Uganda,Arua
Uganda,Entebbe
Uganda,Gulu
Uganda,Pakuba
Uganda,Soroti
Kenya,Kalokol
Kenya,Bamburi
Bahrain,Bahrain
Saudi Arabia,Abha
Saudi Arabia,Al-ahsa
Saudi Arabia,Al-Ula
Saudi Arabia,El-baha
Saudi Arabia,Bisha
Saudi Arabia,Dammam
Saudi Arabia,Dhahran
Saudi Arabia,Dawadmi
Saudi Arabia,Gizan
Saudi Arabia,Gassim
Saudi Arabia,Guriat
Saudi Arabia,Hail
Saudi Arabia,Jeddah
Saudi Arabia,King Khalid Mil.city
Saudi Arabia,Madinah
Saudi Arabia,Nejran
Saudi Arabia,Hafr Al-batin
Saudi Arabia,Rafha
Saudi Arabia,Riyadh
Saudi Arabia,Arar
Saudi Arabia,Sharurah
Saudi Arabia,Al-Jawf
Saudi Arabia,Sulayel
Saudi Arabia,Tabuk
Saudi Arabia,Taif
Saudi Arabia,Turaif
Saudi Arabia,Wadi-al-dawasir
Saudi Arabia,Wejh
Saudi Arabia,Yenbo
Kuwait,Kuwait
Iraq,Baghdad
Iraq,Erbil
Iraq,Kirkuk
Iraq,Basrah
Iraq,Najaf
Iraq,Sulaymaniyah
Qatar,Doha
Yemen,Aden
Yemen,Ataq
Yemen,Beihan
Yemen,Al Ghaidah Intl
Yemen,Hodeidah
Yemen,Mukalla
Yemen,Sanaa
Yemen,Socotra
Yemen,Sayun Intl
Yemen,Taiz
Brazil,Valenca
Georgia,Sukhumi
Ukraine,Poltava
Belarus,Brest
Belarus,Gomel
Belarus,Vitebsk
Russia,Kaliningrad
Belarus,Hrodna
Belarus,Minsk
Belarus,Minsk 2
Belarus,Mogilev
Russia,Kaluga
Iran,Khalije Fars
Iran,Ilam
Iran,Khorram Abad
Iran,Shahre Kord
Iran,Hamadan
Iran,Tehran
Iran,Bam
Iran,Rafsanjan
Iran,Mashhad
Iran,Bojnourd
Iran,Sabzevar
Iran,Gorgan
Iran,Noshahr
Iran,Dasht-e-naz
Iran,Lar
Iran,Yasuj
Iran,Ardabil
Iran,Maragheh
Iran,Parsabad
Iran,Uromiyeh
Azerbaijan,Nakhchivan
Mauritius,Rodriguez Island
Seychelles,Desroches
Seychelles,Mahe
Seychelles,Praslin
Seychelles,Bird Island
Iran,Abadan
Iran,Masjed Soleiman
Iran,Bandar Mahshahr
Iran,Ahwaz
Iran,Bushehr
Iran,Kish Island
Iran,Bandar Lengeh
Iran,Bakhtaran
Iran,Sanandaj
Iran,Rasht
Iran,Teheran
Iran,Bandar Abbas
Iran,Kerman
Iran,Birjand
Iran,Ramsar
Iran,Shiraz
Iran,Tabriz
Iran,Yazd
Iran,Chah Bahar
Iran,Zahedan
United Arab Emirates,Abu Dhabi
United Arab Emirates,Al Ain
United Arab Emirates,Dubai
United Arab Emirates,Minhad AB
United Arab Emirates,Fujeirah
United Arab Emirates,Ras Al Khaimah
United Arab Emirates,Sharjah
Oman,Khasab
Oman,Masirah
Oman,Muscat
Oman,Marmul
Oman,Salalah
Oman,Thumrait
Iraq,Mosul
Maldives,South Aari Atoll
Azerbaijan,Baku
Azerbaijan,Ganja
Azerbaijan,Lankaran
Azerbaijan,Qabala
Azerbaijan,Zaqatala
Armenia,Gyumri
Armenia,Yerevan
Georgia,Kutaisi
Georgia,Tbilisi
Russia,Arkhangelsk
Russia,Naryan-Mar
Russia,Solovetsky Islands
Russia,Cherepovets
Russia,Amderma
Russia,Kotlas
Russia,St. Petersburg
Russia,Apatity
Russia,Murmansk
Russia,Pskov
Russia,Petrozavodsk
Russia,Vologda
Russia,Anapa
Russia,Krasnodar
Russia,Grozny
Russia,Makhachkala
Russia,Mineralnye Vody
Russia,Nalchik
Russia,Beslan
Russia,Stavropol
Russia,Rostov
Russia,Sochi
Russia,Elista
Russia,Volgograd
Russia,Kirov
Russia,Moscow
Russia,Kostroma
Russia,Ivanovo
Russia,Rybinsk
Russia,Bryansk
Russia,Yaroslavl
Russia,Tver
Russia,Shchyolkovo
Russia,Belgorod
Russia,Kursk
Russia,Lipetsk
Russia,Voronezh
Russia,Tambow
Russia,Syktyvkar
Russia,Nizhniy Novgorod
Russia,Kazan
Russia,Nizhnekamsk
Russia,Yoshkar-Ola
Russia,Cheboksary
Russia,Ulyanovsk
Russia,Penza
Russia,Saransk
Russia,Balakovo
Afghanistan,Bamyan
Afghanistan,Lashkar Gah
Afghanistan,Chaghcharan
Afghanistan,Faizabad
Afghanistan,Kabul
Afghanistan,Khost
Afghanistan,Sharona
Afghanistan,Tarin Kowt
Afghanistan,Zaranj
Maldives,Dhigurah
Mauritius,Plaisance
Reunion,St.-denis
Reunion,St.-pierre
Maldives,Maldives Hilton Iru fushi
United States,Lake Placid
Afghanistan,Herat
Afghanistan,Jalalabad
Afghanistan,Kandahar
Afghanistan,Maimama
Afghanistan,Mazar-i-sharif
Afghanistan,Kunduz
Pakistan,Bannu
Pakistan,Bahawalpur
Pakistan,Chitral
Pakistan,Dalbandin
Pakistan,Dera Ghazi Khan
Pakistan,Dera Ismael Khan
Pakistan,Faisalabad
Pakistan,Gwadar
Pakistan,Gilgit
Pakistan,Jiwani
Pakistan,Karachi
Pakistan,Hyderabad
Pakistan,Khuzdar
Pakistan,Lahore
Pakistan,Muzaffarabad
Pakistan,Moenjodaro
Pakistan,Multan
Pakistan,Nawabshah
Pakistan,Ormara Raik
Pakistan,Parachinar
Pakistan,Panjgur
Pakistan,Pasni
Pakistan,Peshawar
Pakistan,Quetta
Pakistan,Rahim Yar Khan
Pakistan,Islamabad
Pakistan,Rawala Kot
Pakistan,Skardu
Pakistan,Sukkur
Pakistan,Sehwan Sharif
Pakistan,Saidu Sharif
Pakistan,Sialkot
Pakistan,Sui
Pakistan,Talhar
Pakistan,Turbat
Pakistan,Zhob
Kyrgyzstan,Bishkek
Kyrgyzstan,Osh
Kazakhstan,Karaganda
Kazakhstan,Uralsk
Kazakhstan,Aktau
Kazakhstan,Atyrau
Kazakhstan,Aktyubinsk
Kazakhstan,Arkalyk
Russia,Beloyarsky
Turkmenistan,Ashkhabad
Turkmenistan,Krasnovodsk
Turkmenistan,Mary
Turkmenistan,Dasoguz
Tajikistan,Dushanbe
Tajikistan,Kulyab
Tajikistan,Khudzhand
Uzbekistan,Andizhan
Uzbekistan,Fergana
Uzbekistan,Namangan
Uzbekistan,Nukus
Uzbekistan,Urgench
Uzbekistan,Navoi
Uzbekistan,Bukhara
Uzbekistan,Khanabad
Uzbekistan,Zarafshan
Uzbekistan,Samarkand
Uzbekistan,Termez
Uzbekistan,Tashkent
India,Jammu
Maldives,Gan Island
Maldives,Haa Dhaalu Atoll
Maldives,Laamu Atoll
Maldives,Male
Maldives,Maamigili
India,Diu
India,Ahmedabad
India,Akola
India,Aurangabad
India,Mumbai
India,Bilaspur
India,Bhuj
India,Belgaum
India,Baroda
India,Bhopal
India,Bhaunagar
India,Daman
India,Goa
India,Hubli
India,Indore
India,Jabalpur
India,Jamnagar
India,Kandla
India,Khajuraho
India,Kolhapur
India,Keshod
India,Nanded
India,Nagpur
India,Nasik Road
India,Pune
India,Porbandar
India,Rajkot
India,Raipur
India,Sholapur
India,Surat
India,Udaipur
India,Agartala
India,Aizwal
India,Baghdogra
India,Shillong
India,Kolkata
India,Cooch-behar
India,Dhanbad
India,Gorakhpur
India,Guwahati
India,Gaya
India,Imphal
India,Jamshedpur
India,Jorhat
India,Kailashahar
India,Silchar
India,Lilabari
India,Mohanbari
India,Dimapur
India,Patina
India,Ranchi
India,Rourkela
India,Tezpur
India,Agra
India,Allahabad
India,Amritsar
India,Varanasi
India,Kulu
India,Chandigarh
India,Dehra Dun
India,Delhi
India,Kangra
India,Gwalior
India,Jodhpur
India,Jaipur
India,Jaisalmer
India,Kanpur
India,Kota
India,Ludhiaha
India,Leh
India,Lucknow
India,Pathankot
India,Nainital
India,Shimla
India,Srinagar
India,Satna
India,Agatti Island
India,Bellary
India,Bangalore
India,Vijayawada
India,Coimbatore
India,Kochi
India,Calicut
India,Cuddapah
India,Hyderabad
India,Madurai
India,Mangalore
India,Madras
India,Mysore
India,Port Blair
India,Rajahmundry
India,Tirupeti
India,Tiruchirappalli
India,Trivandrum
China,Nyingchi
Nepal,Bajhang
Nepal,Bhojpur
Nepal,Bharatpur
Nepal,Bhairawa
Nepal,Chandragarhi
Nepal,Chaurjhari
Nepal,Dang
Nepal,Dhangarhi
Nepal,Dolpa
Nepal,Jumla
Nepal,Jomsom
Nepal,Kathmandu
Nepal,Lamidanda
Nepal,Lukla
Nepal,Manang
Nepal,Meghauli
Nepal,Nepalgunj
Nepal,Pokhara
Nepal,Phaplu
Nepal,Ramechhap
Nepal,Rukumkot
Nepal,Rumjatar
Nepal,Syangboche
Nepal,Simara
Nepal,Surkhet
Nepal,Simikot
Nepal,Taplejung
Nepal,Tumling Tar
Nepal,Biratnagar
Kazakhstan,Alma-ata
Kazakhstan,Taldykorgan
Kazakhstan,Tselinograd
Kazakhstan,Kokshetau
Kazakhstan,Petropavlosk
Kazakhstan,Dzhambul
Kazakhstan,Chimkent
Kazakhstan,Zhezkazgan
Kazakhstan,Kzyl-Orda
Kazakhstan,Ust Kamenogorsk
Kazakhstan,Pavlodar
Kazakhstan,Semiplatinsk
Kazakhstan,Kostanay
Russia,Astrakhan
Russia,Chelyabinsk
Russia,Magnetiogorsk
Russia,Salekhard
Russia,Berezovo
Russia,Khanty-Mansiysk
Russia,Nyagan
Russia,Sovetskiy
Russia,Uraj
Russia,Izhevsk
Russia,Nadym
Russia,Novy Urengoy
Russia,Nizhnevartovsk
Russia,Raduzhnyi
Russia,Perm
Russia,Kogalym
Russia,Nefteyugansk
Russia,Noyabrsk
Russia,Surgut
Russia,Yekaterinburg
Russia,Tyumen
Russia,Kurgan
Russia,Vorkuta
Russia,Bugulma
Russia,Orenburg
Russia,Orsk
Russia,Saratov
Russia,Ufa
Russia,Samara
Sri Lanka,Colombo
Sri Lanka,Galoya
Sri Lanka,Jaffna
Sri Lanka,Koggala
Sri Lanka,Trinciomalee
Sri Lanka,Wirawila
India,Bhubaneswar
India,Vishakhapatnam
Bangladesh,Barisal
Bangladesh,Cox's Bazar
Bangladesh,Chittagong
Bangladesh,Ishurdi
Bangladesh,Jessore
Bangladesh,Rajshahi
Bangladesh,Saidpur
Bangladesh,Sylhet Osmani
Bangladesh,Dhaka
Bhutan,Thimphu
China,Handan
Burma,Banmaw
Burma,Nyuang U
Burma,Dawei
Burma,Naypyidaw
Burma,Heho
Burma,Kengtung
Burma,Khamti
Myanmar,Kalemyo
Burma,Kyaukpyu
Burma,Loikaw
Burma,Lashio
Burma,Mandalay
Burma,Myeik
Burma,Myitkyina
Burma,Mawlamyine
Burma,Mong Hsat
Burma,Magwe
Burma,NAYPYITAW
Burma,Pathein
Burma,Putao
Burma,Pakhokku
Burma,Sittwe
Burma,Thandwe
Burma,Ye
Burma,Yangon
Cocos (Keeling) Islands,Cocos Keeling Island
United States,Kinston
Russia,Barnaul
Russia,Gorno-Altaysk
Russia,Novosibirsk
Russia,Omsk
Russia,Strezhevoy
Cambodia,Battambang
Cambodia,Phnom-penh
Cambodia,Siem-reap
Cambodia,Sihanoukville
Laos,Huay Xai
Laos,Luang Prabang
Laos,Luang Namtha
Laos,Muang Xay
Laos,Pakse
Laos,Savannakhet
Laos,Saravane
Laos,Vientiane
Laos,Phon Savan
Thailand,Bangkok
Thailand,Trat
Thailand,Pattaya
Thailand,Chiang Mai
Thailand,Mae Hong Son
Thailand,Pai
Thailand,Lampang
Thailand,Nan
Thailand,Phrae
Thailand,Chiang Rai
Thailand,Phetchabun
Thailand,Prachuap Khiri Khan
Thailand,Tak
Thailand,Sukhothai
Thailand,Phitsanulok
Thailand,Surat Thani
Thailand,Narathiwat
Thailand,Chumphon
Thailand,Nakhon Si Thammarat
Thailand,Krabi
Thailand,Pattani
Thailand,Ko Samui
Thailand,Phuket
Thailand,Hat Yai
Thailand,Trang
Thailand,Udon Thani
Thailand,Sakon Nakhon
Thailand,Khon Kaen
Thailand,Loei
Thailand,Buri Ram
Thailand,Nakhon Ratchasima
Thailand,Ubon Ratchathani
Thailand,Roi Et
Thailand,Nakhon Phanom
Vietnam,Buonmethuot
Vietnam,Chu Lai
Vietnam,Haiphong
Vietnam,Ca Mau
Vietnam,Nha Trang
Vietnam,Conson
Vietnam,Can Tho
Vietnam,Dienbienphu
Vietnam,Dalat
Vietnam,Danang
Vietnam,Hanoi
Vietnam,Son-La
Vietnam,Nhatrang
Vietnam,Phucat
Vietnam,Pleiku
Vietnam,Phan Rang
Vietnam,Rach Gia
Vietnam,Tuy Hoa
Vietnam,Ho Chi Minh City
Vietnam,Vinh
Burma,Kawthoung
Burma,Tachilek
Indonesia,Pangkalan Bun
Indonesia,Palangkaraya
Indonesia,Sampit-Borneo Island
Indonesia,Malang
Indonesia,Yogyakarta
Indonesia,Solo City
Indonesia,Surabaya
Indonesia,Semarang
Indonesia,Pekanbaru
Indonesia,Dumai
Indonesia,Bandung
Indonesia,Cirebon
Indonesia,Bandar Lampung-Sumatra Island
Indonesia,Batam
Indonesia,Tanjung Pinang
Indonesia,Singkep
Indonesia,Jakarta
Indonesia,Cilacap
Indonesia,Gunung Sitoli
Indonesia,Medan
Indonesia,Tanjung Pandan
Indonesia,Ketapang
Indonesia,Anambas Islands
Indonesia,Ranai-Natuna Besar Island
Indonesia,Pontianak
Indonesia,Putussibau-Borneo Island
Indonesia,Sintang-Borneo Island
Indonesia,Jambi
Indonesia,Pangkal Pinang
Indonesia,Bengkulu
Indonesia,Palembang
Indonesia,Talang Gudang-Sumatra Island
Indonesia,Rengat
Indonesia,Padang
Indonesia,Sabang
Indonesia,Lhok Seumawe-Sumatra Island
Indonesia,Banda Aceh
Christmas Island,Christmas Island
Mongolia,Bulgan
Mongolia,Ulaangom
Mongolia,Olgii
United States,Newport
Wake Island,Wake island
Taiwan,Kinmen
Taiwan,Cimei
Taiwan,Pingtung
Taiwan,Matsu Islands
Taiwan,Fengnin
Taiwan,Green Island
Taiwan,Kaohsiung
Taiwan,Chiayi
Taiwan,Hengchun
Taiwan,Taichung
Taiwan,Lanyu
Taiwan,Tainan
Taiwan,Makung
Taiwan,Taipei
Taiwan,Wang An
Taiwan,Hualien
Philippines,Olongapo City
Philippines,Angeles City
Philippines,Laoag
Philippines,Manila
Philippines,Cuyo
Philippines,Legazpi
Philippines,Lubang
Philippines,General Santos City
Philippines,Cotabato
Philippines,Davao
Philippines,Butuan
Philippines,Dipolog
Philippines,Camiguin
Philippines,Jolo
Philippines,Ladag
Philippines,Sanga Sanga
Philippines,Ozamis
Philippines,Pagadian
Philippines,Sangley Point
Philippines,Tandag
Philippines,Zamboanga
Philippines,Taytay
Philippines,Baguio
Philippines,Naga
Philippines,Basco
Philippines,San Fernando
Philippines,Tuguegarao
Philippines,Virac
Philippines,Gasan
Philippines,Cauayan
Philippines,Tacloban
Philippines,Bacolod
Philippines,Calbayog City
Philippines,Dumaguete
Philippines,Catarman
Philippines,Iloilo
Philippines,Masbate
Philippines,Kalibo
Philippines,Cebu
Philippines,Ormoc City
Philippines,Puerto Princesa
Philippines,Roxas City
Philippines,San Jose
Philippines,Tagbilaran
Philippines,Romblon
Philippines,Busuanga
Philippines,Borongan
Philippines,Caticlan
Russia,Abakan
Russia,Kemorovo
Russia,Yeniseysk
Russia,Krasnoyarsk
Russia,Kyzyl
Russia,Tomsk
Russia,Novokuznetsk
Russia,Dikson
Russia,Khatanga
Russia,Igarka
Russia,Norilsk
Hong Kong,Hong Kong
Macau,Macau
Indonesia,Ujung Pandang
Indonesia,Mataram
Indonesia,Bima
Indonesia,Denpasar
Indonesia,Praya
Indonesia,Sumbawa Island
Indonesia,Waikabubak-Sumba Island
Indonesia,Waingapu
Indonesia,Tanjung Selor-Borneo Island
Indonesia,Datadawai-Borneo Island
Indonesia,Tanjung Redep-Borneo Island
Indonesia,Balikpapan
Indonesia,Taraken
Indonesia,Samarinda
Indonesia,Gorontalo
Indonesia,Naha
Indonesia,Palu
Indonesia,Manado
Indonesia,Poso
Indonesia,Luwuk
Indonesia,Tanjung-Borneo Island
Indonesia,Banjarmasin
Indonesia,Maumere
Indonesia,Ende
Indonesia,Ruteng
Indonesia,Alor Island
Indonesia,Labuhan Bajo
Indonesia,Kupang
Indonesia,Kendari
Malaysia,Bintulu
Malaysia,Belaga
Malaysia,Long Datih
Malaysia,Kuching
Malaysia,Long Seridan
Malaysia,Limbang
Malaysia,Mukah
Malaysia,Long Akah
Malaysia,Marudi
Malaysia,Bakalalan
Malaysia,Miri
Malaysia,Sibu
Malaysia,Lawas
Malaysia,Bario
Malaysia,Lahad Datu
Malaysia,Kota Kinabalu
Malaysia,Labuan
Malaysia,Tomanggong
Malaysia,Sandakan
Malaysia,Kudat
Malaysia,Tawau
Brunei,Bandar Seri Begawan
Malaysia,Tanjung Manis
Malaysia,Tioman
Malaysia,Alor Setar
Malaysia,Kota Bahru
Malaysia,Kuantan
Malaysia,Kerteh
Malaysia,Ipoh
Malaysia,Johor Bahru
Malaysia,Kuala Lumpur
Malaysia,Pulau
Malaysia,Malacca
Malaysia,Kuala Terengganu
Malaysia,Penang
Malaysia,Pangkor Island
Malaysia,Redang
East Timor,Dili
Indonesia,Laut Island
Indonesia,Long Bawan-Borneo Island
Indonesia,Nunukan-Nunukan Island
Indonesia,Long Apung-Borneo Island
Singapore,Paya Lebar
Singapore,Singapore
Australia,Albany
Australia,Argyle
Australia,Barrow Island
Australia,Carnarvon
Australia,Derby
Australia,Esperance
Australia,Fitzroy Crossing
Australia,Geraldton
Australia,Halls Creek
Australia,Kalbarri
Australia,Leonora
Australia,Leinster
Australia,Laverton
Australia,Meekatharra
Australia,Mount Keith
Australia,Mount Magnet
Australia,Ravensthorpe
Australia,Newman
Australia,Paraburdoo
Australia,Broome
Australia,Perth
Australia,Karratha
Australia,Kalgoorlie
Australia,Kununurra
Australia,Learmonth
Australia,Port Hedland
Australia,Shark Bay
Australia,Telfer
Australia,Wiluna
China,Beijing
China,Chifeng
China,Changzhi
China,Dongsheng
China,Datong
China,Hohhot
China,Hailar
China,Baotou
China,Qinhuangdao
China,Shijiazhuang
China,Tianjin
China,Tongliao
China,Wuhai
China,Ulanhot
China,Xilinhot
China,Yuncheng
China,Taiyuan
China,Beihai
China,Changde
China,Dayong
China,Guangzhou
China,Changcha
China,Guilin
China,Meixian
China,Nanning
China,Shantou
China,Zhuhai
China,Shenzhen
China,Wuzhou
China,Liuzhou
China,Zhanjiang
China,Zhengzhou
China,Enshi
China,Wuhan
China,Luoyang
China,Nanyang
China,Xiangfan
China,Yichang
China,Haikou
China,Sanya
China,Ankang
China,Lanzhou
China,Dunhuang
China,Golmud
China,Hanzhong
China,Yinchuan
China,Jiayuguan
China,Qingyang
China,Xi'AN
China,Xining
China,Yan'an
China,Yulin
China,Yushu
China,Zhongwei
Mongolia,Arvaikheer
Mongolia,Altai
Mongolia,Bayankhongor
Mongolia,Choibalsan
Mongolia,Dalanzadgad
Mongolia,Khovd
Mongolia,Muren
Mongolia,Ulan Bator
China,Baoshan
China,Dali
China,Shangri-La
China,Lincang
China,Lijiang
China,Luxi
China,Kunming
China,Simao
China,Zhaotong
China,Xiamen
China,Anqing
China,Changzhou
China,Nanchang
China,Dongying
China,Fuyang
China,Fuzhou
China,Ganzhou
China,Hangzhou
China,Jian
China,Jingdezhen
China,Jiujiang
China,Jinan
China,Quzhou
China,Lianyungang
China,Huangyan
China,Linyi
China,Ninbo
China,Nanjing
China,Hefei
China,Shanghai
China,Qingdao
China,Quanzhou
China,Huai An
China,Huangshan
China,Weifang
China,Weihai
China,Wuxi
China,Wuyishan
China,Wenzhou
China,Xuzhou
China,Yancheng
China,Yantai
China,Yiwu
China,Zhoushan
China,Shiquanhe
China,Bangda
China,Chongqing
China,Dazhou
China,Guangyuan
China,Guiyang
China,Jiuzhaigou
China,Lhasa
China,Luzhou
China,Mianyang
China,Nanchong
China,Shigatse
China,Tengchong
China,Tongren
China,Chengdu
China,Wanxian
China,Xichang
China,Yibin
China,Panzhihua
China,Aksu
China,Altay
China,Qiemo
China,Hami
China,Kuqa
China,Korla
China,Karamay
China,Burqin
China,Kashi
China,Tacheng
China,Hotan
China,Urumqi
China,Yining
China,Changchun
China,Chaoyang
China,Dandong
China,Harbin
China,Heihe
China,Jiamusi
China,Jixi
China,Jinzhou
China,Qiqihar
China,Dalian
China,Shenyang
China,Yanji
Palau,Babelthuap
Japan,Tokyo
Japan,Matsumoto
Japan,Ibaraki
Japan,Osaka
Japan,Nanki-shirahama
Japan,Kobe
Japan,Hiroshima
Japan,Toyooka
Japan,Obihiro
Japan,Sapporo
Japan,Hakodate
Japan,Chitose
Japan,Kushiro
Japan,Memanbetsu
Japan,Nakashibetsu
Japan,Wakkanai
Japan,Amakusa
Japan,Iki
Japan,Yamaguchi
Japan,Tsushima
Japan,Monbetsu
Japan,Asahikawa
Japan,Okushiri
Japan,Rishiri Island
Japan,Yakushima
Japan,Fukue
Japan,Fukuoka
Japan,Tanegashima
Japan,Kagoshima
Japan,Miyazaki
Japan,Oita
Japan,Kitakyushu
Japan,Saga
Japan,Kumamoto
Japan,Nagasaki
Japan,Nagoya
Japan,Amami
Japan,Kikai
Japan,Tokunoshima
Japan,Kanazawa
Japan,Oki Island
Japan,Shizuoka
Japan,Toyama
Japan,Wajima
Japan,Okayama
Japan,Izumo
Japan,Miho
Japan,Kochi
Japan,Matsuyama
Japan,Tottori
Japan,Tokushima
Japan,Takamatsu
Japan,Iwami
Japan,Aomori
Japan,Yamagata
Japan,Fukushima
Japan,Hanamaki
Japan,Akita
Japan,Misawa
Japan,Niigata
Japan,Odate Noshiro
Japan,Sendai
Japan,Shonai
Japan,Hachijojima
Japan,Oshima
Japan,Miyakejima
Japan,Yokota
South Korea,Muan
South Korea,Kwangju
South Korea,Kunsan
South Korea,Mokpo
South Korea,Yeosu
South Korea,Sokch'o
South Korea,Kangnung
South Korea,Wonju
South Korea,Sokcho / Gangneung
South Korea,Cheju
South Korea,Busan
South Korea,Sacheon
South Korea,Ulsan
South Korea,Seoul
South Korea,Seoul East
South Korea,Osan
South Korea,Pohang
South Korea,Taegu
South Korea,Chongju
South Korea,Yechon
Japan,Okinawa
Japan,Kadena
Japan,Ishigaki
Japan,Kumejima
Japan,Minami Daito
Japan,Miyako
Japan,Aguni
Japan,Kitadaito
Japan,Shimojishima
Japan,Yoron
Japan,Yonaguni Jima
Russia,Bratsk
Russia,Ust Ilimsk
Russia,Irkutsk
Russia,Ust-Kut
Russia,Ulan-ude
Indonesia,Biak
Indonesia,Nabire
Indonesia,Timika
Indonesia,Bokondini-Papua Island
Indonesia,Jayapura
Indonesia,Senggeh-Papua Island
Indonesia,Wamena
Indonesia,Merauke
Indonesia,Morotai Island
Indonesia,Ternate
Indonesia,Langgur-Kei Islands
Indonesia,Ambon
Indonesia,Fak Fak
Indonesia,Kaimana
Indonesia,Babo
Indonesia,Manokwari
Indonesia,Sorong
Australia,Badu Island
Australia,Kubin
Australia,Mabuiag Island
Australia,Mornington Island
Australia,Katherine
Korea,Pyongyang
North Korea,Chongjin
Australia,Uluru
Australia,Alice Springs
Australia,Broken Hill
Australia,Bathurst Island
Australia,Coober Pedy
Australia,Ceduna
Australia,Cooinda
Australia,Elcho Island
Australia,Groote Eylandt
Australia,Hooker Creek
Australia,Jabiru
Australia,Kalkgurung
Australia,Kingscote
Australia,Lake Evella
Australia,Milingimbi
Australia,Maningrida
Australia,McArthur River Mine
Australia,Mount Gambier
Australia,Olympic Dam
Australia,Moomba
Australia,Adelaide
Australia,Darwin
Australia,Gove
Australia,Port Lincoln
Australia,Penneshaw
Australia,Woomera
Australia,Renmark
Australia,Ramingining
Australia,Roper Bar
Australia,Tennant Creek
Australia,Victoria River Downs
Australia,Whyalla
Australia,Yuendumu 
Solomon Islands,Stirling Island
Papua New Guinea,Buka Island
Papua New Guinea,Kundiawa
Papua New Guinea,Daru
Papua New Guinea,Goroka
Papua New Guinea,Gurney
Papua New Guinea,Girua
Papua New Guinea,Hoskins
Papua New Guinea,Kiunga
Papua New Guinea,Kikori
Papua New Guinea,Kerema
Papua New Guinea,Kavieng
Papua New Guinea,Madang
Papua New Guinea,Mount Hagen
Papua New Guinea,Mendi
Papua New Guinea,Momote
Papua New Guinea,Moro
Papua New Guinea,Misima Island
Papua New Guinea,Nadzab
Papua New Guinea,Port Moresby
Papua New Guinea,Tari
Papua New Guinea,Tabubil
Papua New Guinea,Tokua
Papua New Guinea,Vanimo
Papua New Guinea,Wapenamanda
Papua New Guinea,Wewak
Kiribati,Beru Island
Kiribati,Kuria
Kiribati,Maiana
Kiribati,Makin
Kiribati,Nikunau
Kiribati,Tamana
Kiribati,Nonouti
Kiribati,Arorae
Kiribati,Tabiteuea
Kiribati,Butaritari
Kiribati,Buariki
Northern Mariana Islands,Rota
Northern Mariana Islands,Saipan
Guam,Andersen
Guam,Agana
Northern Mariana Islands,West Tinian
Micronesia,Chuuk
Micronesia,Yap
Japan,Iwojima
Russia,Yakutsk
Russia,Neryungri
Russia,Yakutia
Russia,Mirnyj
Russia,Tiksi
Russia,Blagoveschensk
Russia,Chita
Australia,Armidale
Australia,Aurukun
Australia,Amberley
Australia,Barcaldine
Australia,Brisbane
Australia,Coolangatta
Australia,Blackall
Australia,Cairns
Australia,Charlieville
Australia,Birdsville
Australia,Hamilton Island
Australia,Bedourie
Australia,Bourke
Australia,Burketown
Australia,Mount Isa
Australia,Maroochydore
Australia,Mackay
Australia,Ballina Byron Bay
Australia,Boigu
Australia,Oakey
Australia,Boulia
Australia,Prosserpine
Australia,Rockhampton
Australia,Bathurst
Australia,Townsville
Australia,Blackwater
Australia,Bundaberg
Australia,Weipa
Australia,Cobar
Australia,Coconut Island
Australia,Cloncurry
Australia,Cooktown
Australia,Cunnamulla
Australia,Cessnock
Australia,Coonamble
Australia,Coen
Australia,Cooma
Australia,Dunk Island
Australia,Doomadgee
Australia,Darnley Island
Australia,Devonport
Australia,Emerald
Australia,Flinders Island
Australia,Grafton
Australia,Great Keppel Island
Australia,Gladstone
Australia,Goulburn
Australia,Geelong
Australia,Griffith
Australia,Hervey Bay
Australia,Horn Island
Australia,Hamilton
Australia,Mount Hotham
Australia,Hughenden
Australia,Hayman Island
Australia,Innisfail
Australia,Julia Creek
Australia,King Island
Australia,Karumba
Australia,Kowanyama
Australia,Lockhart River
Australia,Lismore
Australia,Lightning Ridge
Australia,Longreach
Australia,Lizard Island
Australia,Avalon
Australia,Albury
Australia,Mudgee
Australia,Melbourne
Australia,Merimbula
Australia,Hobart
Australia,Mildura
Australia,Launceston
Australia,Maitland
Australia,Moree
Australia,Moranbah
Australia,Moruya
Australia,Murray Island
Australia,Maryborough
Australia,Narrandera
Australia,Narrabri
Australia,Normanton
Australia,Orange
Australia,Palm Island
Australia,Parkes
Australia,Pormpuraaw
Australia,Port Macquarie
Australia,Portland
Australia,Quilpie
Australia,Roma
Australia,Sydney
Australia,Canberra
Australia,Coff's Harbour
Australia,Camden
Australia,Scone
Australia,Dubbo
Australia,St George
Australia,Saibai Island
Australia,Nowra
Australia,Richmond
Australia,Strahan
Australia,Tamworth
Australia,Wagga Wagga
Australia,Thargomindah
Australia,Biloela
Australia,Taree
Australia,Toowoomba
Australia,Sue Islet
Australia,Windorah
Australia,Airlie Beach
Australia,Walgett
Australia,Newcastle
Australia,Wollongong
Australia,Winton
Australia,Burnie
Australia,Yorke Island
Australia,Yam Island
Australia,Lord Howe Island
Solomon Islands,Afutara
Solomon Islands,Ulawa
Solomon Islands,Atoifi
Solomon Islands,Batuna
Solomon Islands,Auki
Solomon Islands,Choiseul Bay
Solomon Islands,Ballalae
Solomon Islands,Fera Island
Solomon Islands,Honiara
Solomon Islands,Mbambanakira
Solomon Islands,Kirakira
Solomon Islands,Santa Cruz/Graciosa Bay/Luova
Solomon Islands,Munda
Solomon Islands,Gizo
Solomon Islands,Rennell Island
Solomon Islands,Sege
Solomon Islands,Santa Ana
Solomon Islands,Marau
Solomon Islands,Suavanao
Solomon Islands,Yandina
Solomon Islands,Kagau Island
Solomon Islands,Ringi Cove
Solomon Islands,Ramata
Vanuatu,Ablow
Vanuatu,Sola
Vanuatu,Loh/Linua
Vanuatu,Sangafa
Vanuatu,Craig Cove
Vanuatu,Longana
Vanuatu,Pentecost Island
Vanuatu,Paama Island
Vanuatu,Lamap
Vanuatu,Lamen Bay
Vanuatu,Maewo Island
Vanuatu,Lonorore
Vanuatu,Norsup
Vanuatu,Gaua Island
Vanuatu,Redcliffe
Vanuatu,Santo
Vanuatu,Tongoa Island
Vanuatu,Ambryn Island
Vanuatu,Valesdir
Vanuatu,Walaha
Vanuatu,Malekula Island
Vanuatu,Olpoi
Vanuatu,Anelghowhat
Vanuatu,Aniwa
Vanuatu,Dillon's Bay
Vanuatu,Futuna Island
Vanuatu,Ipota
Vanuatu,Port-vila
New Caledonia,Tiga
New Caledonia,Waala
New Caledonia,Kone
New Caledonia,Île des Pins
New Caledonia,Koumac
New Caledonia,Lifou
New Caledonia,Noumea
New Caledonia,Mare
New Caledonia,Touho
New Caledonia,Ouvea
New Zealand,Claris
Micronesia,Pohnpei
Russia,Khabarovsk
Russia,Komsomolsk-on-Amur
Russia,Okhotsk
Russia,Yuzhno-sakhalinsk
Russia,Vladivostok
Australia,Mallacoota
Norfolk Island,Norfolk Island
Marshall Islands,Utirik Island
Marshall Islands,Namorik Atoll
Nauru,Nauru
Marshall Islands,Mili Island
Marshall Islands,Wotje Atoll
Marshall Islands,Jabor Jaluit Atoll
Fiji,Cicia
Fiji,Nandi
Fiji,Malolo Lailai Island
Fiji,Vunisea
Fiji,Mana Island
Fiji,Moala
Fiji,Nausori
Fiji,Levuka
Fiji,Ngau
Fiji,Lakeba Island
Fiji,Lambasa
Fiji,Matei
Fiji,Koro Island
Fiji,Rotuma
Fiji,Savusavu
Fiji,Vanua Balavu
Tuvalu,Funafuti
Kiribati,Marakei
Kiribati,Tarawa
Kiribati,Abemama
Kiribati,Tabiteuea North
Wallis and Futuna,Futuna Island
Wallis and Futuna,Wallis
New Zealand,Auckland
New Zealand,Taupo
New Zealand,Ardmore
New Zealand,Christchurch
New Zealand,Dunedin
New Zealand,Gisborne
New Zealand,Glentanner
New Zealand,Hokitika
New Zealand,Hamilton
New Zealand,Kaikoura
New Zealand,Kerikeri
New Zealand,Kaitaia
New Zealand,Alexandra
New Zealand,Mount Cook
New Zealand,Milford Sound
New Zealand,Manapouri
New Zealand,Masterton
New Zealand,New Plymouth
New Zealand,NAPIER
New Zealand,Nelson
New Zealand,Invercargill
New Zealand,Oamaru
New Zealand,Palmerston North
New Zealand,Picton
New Zealand,Paraparaumu
New Zealand,Queenstown International
New Zealand,Stewart Island
New Zealand,Rotorua
New Zealand,Tauranga
New Zealand,Takaka
New Zealand,Timaru
New Zealand,Woodbourne
New Zealand,Wanaka
New Zealand,Whakatane
New Zealand,Wellington
New Zealand,Whangarei
New Zealand,Westport
New Zealand,Whitianga
New Zealand,Wanganui
Marshall Islands,Eniwetok Atoll
Marshall Islands,Majuro
Marshall Islands,Kwajalein
Micronesia,Kosrae
Marshall Islands,Mejit Atoll
Marshall Islands,Kili Island
Russia,Chokurdah
Russia,Cherskiy
Russia,Anadyr
Russia,Provideniya Bay
Russia,Magadan
Russia,Pevek
Russia,Petropavlovsk
Marshall Islands,Ujae Atoll
Russia,Yuzhno-Kurilsk
Tonga,Eua Island
Tonga,Tongatapu
Tonga,Lifuka
Tonga,"Angaha, Niuafo'ou Island"
Tonga,Niuatoputapu
Tonga,Vava'u
New Zealand,Chatham Island
